Date,CampaignID,CampaignName,Platform,TargetAudience,Impressions,Clicks,Leads,Applications,Enrollments,Cost (₹),Revenue (₹),Region,CTR (%),Lead Conversion Rate (%),Application Conversion Rate (%),Enrollment Conversion Rate (%),ROI (%),Cost per Lead (₹),Cost per Enrollment (₹)
2024-01-01,AD004,Hackathon,YouTube,17–21 Age,285708,16956,4087,2547,1148,275457.87,4615838.04,West India,5.93,24.1,62.32,45.07,1575.7,67.4,239.95
2024-01-02,AD004,Hackathon,YouTube,17–21 Age,140449,10082,1815,951,565,133025.86,3513169.9,North India,7.18,18.0,52.4,59.41,2540.97,73.29,235.44
2024-01-03,AD004,Hackathon,YouTube,17–21 Age,140958,7474,1169,683,343,135765.61,1051924.88,North India,5.3,15.64,58.43,50.22,674.81,116.14,395.82
2024-01-04,AD004,Hackathon,YouTube,22–27 Age,257823,16841,3179,1584,698,229715.44,3850639.56,West India,6.53,18.88,49.83,44.07,1576.27,72.26,329.11
2024-01-05,AD004,Hackathon,YouTube,25–35 Age,98595,7293,1340,854,368,52360.96,1543262.86,West India,7.4,18.37,63.73,43.09,2847.35,39.08,142.29
2024-01-06,AD004,Hackathon,YouTube,22–27 Age,68114,5377,909,505,222,27454.35,1717163.91,North India,7.89,16.91,55.56,43.96,6154.62,30.2,123.67
2024-01-07,AD004,Hackathon,YouTube,17–21 Age,175572,6855,1452,757,346,95497.97,2598807.52,East India,3.9,21.18,52.13,45.71,2621.32,65.77,276.01
2024-01-08,AD004,Hackathon,YouTube,22–27 Age,231966,9373,1934,1247,553,175649.0,2558956.35,West India,4.04,20.63,64.48,44.35,1356.86,90.82,317.63
2024-01-09,AD004,Hackathon,YouTube,17–21 Age,281339,12310,2329,1319,734,126723.85,4265725.03,West India,4.38,18.92,56.63,55.65,3266.16,54.41,172.65
2024-01-10,AD004,Hackathon,YouTube,22–27 Age,98805,6952,1479,955,455,49446.12,3012430.04,North India,7.04,21.27,64.57,47.64,5992.35,33.43,108.67
2024-01-11,AD004,Hackathon,YouTube,25–35 Age,144093,11451,1776,934,480,104177.45,1723113.84,North India,7.95,15.51,52.59,51.39,1554.02,58.66,217.04
2024-01-12,AD004,Hackathon,YouTube,25–35 Age,158894,6588,1470,867,405,102314.09,3080880.49,Pan India,4.15,22.31,58.98,46.71,2911.2,69.6,252.63
2024-01-13,AD004,Hackathon,YouTube,25–35 Age,66250,4921,871,392,210,51283.71,1495426.01,North India,7.43,17.7,45.01,53.57,2815.99,58.88,244.21
2024-01-14,AD004,Hackathon,YouTube,25–35 Age,146445,6570,1466,803,436,60478.27,2107164.39,West India,4.49,22.31,54.77,54.3,3384.17,41.25,138.71
2024-01-15,AD004,Hackathon,YouTube,22–27 Age,95097,7359,1754,1030,512,47007.7,2174797.75,South India,7.74,23.83,58.72,49.71,4526.47,26.8,91.81
2024-01-16,AD004,Hackathon,YouTube,17–21 Age,234993,13461,2316,1322,778,118803.89,3598637.63,South India,5.73,17.21,57.08,58.85,2929.06,51.3,152.7
2024-01-17,AD004,Hackathon,YouTube,25–35 Age,72601,4823,859,471,224,65231.88,1540858.24,West India,6.64,17.81,54.83,47.56,2262.12,75.94,291.21
2024-01-18,AD004,Hackathon,YouTube,17–21 Age,64854,3268,774,379,187,29837.69,1134934.72,South India,5.04,23.68,48.97,49.34,3703.69,38.55,159.56
2024-01-19,AD004,Hackathon,YouTube,25–35 Age,140767,7435,1316,748,419,134777.68,2166219.39,Pan India,5.28,17.7,56.84,56.02,1507.25,102.41,321.67
2024-01-20,AD004,Hackathon,YouTube,22–27 Age,102564,4036,954,619,352,51435.05,2739137.65,West India,3.94,23.64,64.88,56.87,5225.43,53.92,146.12
2024-01-21,AD004,Hackathon,YouTube,25–35 Age,99366,6149,1025,585,331,39928.53,2041493.6,East India,6.19,16.67,57.07,56.58,5012.87,38.95,120.63
2024-01-22,AD004,Hackathon,YouTube,17–21 Age,130732,9877,1815,1127,550,65158.43,2707316.61,Pan India,7.56,18.38,62.09,48.8,4054.98,35.9,118.47
2024-01-23,AD004,Hackathon,YouTube,22–27 Age,60282,3890,823,440,184,50617.5,1332250.53,East India,6.45,21.16,53.46,41.82,2532.0,61.5,275.1
2024-01-24,AD004,Hackathon,YouTube,22–27 Age,227987,9955,2151,1233,739,116682.0,4318918.7,North India,4.37,21.61,57.32,59.94,3601.44,54.25,157.89
2024-01-25,AD004,Hackathon,YouTube,22–27 Age,272168,16989,3561,1864,959,166206.38,4449882.89,West India,6.24,20.96,52.34,51.45,2577.32,46.67,173.31
2024-01-26,AD004,Hackathon,YouTube,17–21 Age,264817,10684,1820,1080,558,178964.33,2959111.96,North India,4.03,17.03,59.34,51.67,1553.46,98.33,320.72
2024-01-27,AD004,Hackathon,YouTube,22–27 Age,296970,16468,3817,2120,1220,288391.33,6571498.95,Pan India,5.55,23.18,55.54,57.55,2178.67,75.55,236.39
2024-01-28,AD004,Hackathon,YouTube,25–35 Age,280154,13508,2070,1200,490,258351.31,2606824.76,West India,4.82,15.32,57.97,40.83,909.02,124.81,527.25
2024-01-29,AD004,Hackathon,YouTube,17–21 Age,246082,9319,1989,960,442,195337.39,2170310.94,East India,3.79,21.34,48.27,46.04,1011.06,98.21,441.94
2024-01-30,AD004,Hackathon,YouTube,25–35 Age,162479,9378,2210,1154,604,157517.73,4429720.09,Pan India,5.77,23.57,52.22,52.34,2712.2,71.27,260.79
2024-01-31,AD004,Hackathon,YouTube,22–27 Age,256182,17232,3397,1850,871,212839.26,3579677.63,South India,6.73,19.71,54.46,47.08,1581.87,62.66,244.36
2024-02-01,AD004,Hackathon,YouTube,22–27 Age,269710,19961,3100,1479,780,108988.07,2698691.68,South India,7.4,15.53,47.71,52.74,2376.13,35.16,139.73
2024-02-02,AD004,Hackathon,YouTube,17–21 Age,85354,4637,948,471,279,39467.1,1069477.66,Pan India,5.43,20.44,49.68,59.24,2609.8,41.63,141.46
2024-02-03,AD004,Hackathon,YouTube,17–21 Age,96853,3046,699,327,162,53820.55,868489.67,North India,3.14,22.95,46.78,49.54,1513.68,77.0,332.23
2024-02-04,AD004,Hackathon,YouTube,17–21 Age,251547,15827,2989,1925,804,123902.52,5851415.05,West India,6.29,18.89,64.4,41.77,4622.6,41.45,154.11
2024-02-05,AD004,Hackathon,YouTube,17–21 Age,189912,12514,2711,1616,890,132682.38,5279956.64,North India,6.59,21.66,59.61,55.07,3879.4,48.94,149.08
2024-02-06,AD004,Hackathon,YouTube,25–35 Age,202653,7479,1790,1010,592,93098.57,3172503.59,West India,3.69,23.93,56.42,58.61,3307.68,52.01,157.26
2024-02-07,AD004,Hackathon,YouTube,17–21 Age,72831,5085,1192,648,367,65890.34,2806226.91,West India,6.98,23.44,54.36,56.64,4158.94,55.28,179.54
2024-02-08,AD004,Hackathon,YouTube,25–35 Age,215776,15117,2292,1195,520,203852.45,3424734.79,East India,7.01,15.16,52.14,43.51,1580.01,88.94,392.02
2024-02-09,AD004,Hackathon,YouTube,17–21 Age,72443,3074,557,275,119,67537.92,364638.44,South India,4.24,18.12,49.37,43.27,439.9,121.25,567.55
2024-02-10,AD004,Hackathon,YouTube,25–35 Age,155169,10534,1826,964,488,65548.51,2007650.15,South India,6.79,17.33,52.79,50.62,2962.85,35.9,134.32
2024-02-11,AD004,Hackathon,YouTube,17–21 Age,145600,10817,2620,1253,628,143250.0,3766197.11,Pan India,7.43,24.22,47.82,50.12,2529.11,54.68,228.11
2024-02-12,AD004,Hackathon,YouTube,22–27 Age,235449,17901,3572,1970,869,156170.05,3779197.39,East India,7.6,19.95,55.15,44.11,2319.92,43.72,179.71
2024-02-13,AD004,Hackathon,YouTube,25–35 Age,92082,5873,1376,740,425,72924.97,2747864.33,North India,6.38,23.43,53.78,57.43,3668.07,53.0,171.59
2024-02-14,AD004,Hackathon,YouTube,22–27 Age,69767,4894,1047,585,275,47791.5,2145764.47,Pan India,7.01,21.39,55.87,47.01,4389.85,45.65,173.79
2024-02-15,AD004,Hackathon,YouTube,17–21 Age,131440,4550,1063,659,286,119990.61,1990223.55,East India,3.46,23.36,61.99,43.4,1558.65,112.88,419.55
2024-02-16,AD004,Hackathon,YouTube,25–35 Age,281475,14540,2460,1239,519,112654.64,3920124.36,South India,5.17,16.92,50.37,41.89,3379.77,45.79,217.06
2024-02-17,AD004,Hackathon,YouTube,17–21 Age,138904,6550,1548,797,435,128170.76,3043168.56,South India,4.72,23.63,51.49,54.58,2274.31,82.8,294.65
2024-02-18,AD004,Hackathon,YouTube,25–35 Age,294254,13308,3157,1809,752,251733.22,4143706.82,Pan India,4.52,23.72,57.3,41.57,1546.07,79.74,334.75
2024-02-19,AD004,Hackathon,YouTube,17–21 Age,176880,12551,2597,1551,905,165229.22,3242544.96,South India,7.1,20.69,59.72,58.35,1862.45,63.62,182.57
2024-02-20,AD004,Hackathon,YouTube,25–35 Age,135158,10392,2062,977,480,101398.32,1965140.43,North India,7.69,19.84,47.38,49.13,1838.04,49.17,211.25
2024-02-21,AD004,Hackathon,YouTube,22–27 Age,236532,17823,2773,1664,752,209088.36,2447521.69,Pan India,7.54,15.56,60.01,45.19,1070.57,75.4,278.04
2024-02-22,AD004,Hackathon,YouTube,17–21 Age,279307,12903,2336,1311,548,265211.11,3931415.84,North India,4.62,18.1,56.12,41.8,1382.37,113.53,483.96
2024-02-23,AD004,Hackathon,YouTube,17–21 Age,51984,2911,604,374,222,27007.8,1729748.62,South India,5.6,20.75,61.92,59.36,6304.63,44.71,121.66
2024-02-24,AD004,Hackathon,YouTube,25–35 Age,103947,7149,1414,811,375,55023.96,1623225.67,South India,6.88,19.78,57.36,46.24,2850.03,38.91,146.73
2024-02-25,AD004,Hackathon,YouTube,22–27 Age,61783,3786,675,431,230,48713.0,1095170.86,East India,6.13,17.83,63.85,53.36,2148.21,72.17,211.8
2024-02-26,AD004,Hackathon,YouTube,25–35 Age,211522,8146,1649,828,347,139232.0,1343595.62,East India,3.85,20.24,50.21,41.91,865.0,84.43,401.24
2024-02-27,AD004,Hackathon,YouTube,22–27 Age,55880,1910,340,220,103,40730.48,486883.69,South India,3.42,17.8,64.71,46.82,1095.38,119.8,395.44
2024-02-28,AD004,Hackathon,YouTube,17–21 Age,167535,11504,2177,1304,556,110296.86,4174012.5,West India,6.87,18.92,59.9,42.64,3684.34,50.66,198.38
2024-02-29,AD004,Hackathon,YouTube,25–35 Age,206944,15993,2610,1657,747,170089.29,2704688.17,West India,7.73,16.32,63.49,45.08,1490.16,65.17,227.7
2024-03-01,AD001,UG Admission,Google Ads,17–21 Age,86043,5121,1032,663,383,84842.24,2067523.93,Pan India,5.95,20.15,64.24,57.77,2336.9,82.21,221.52
2024-03-01,AD004,Hackathon,YouTube,22–27 Age,238624,16826,3034,1553,882,121439.76,5523179.95,East India,7.05,18.03,51.19,56.79,4448.08,40.03,137.69
2024-03-02,AD001,UG Admission,Google Ads,17–21 Age,106383,8132,1989,1180,597,68120.59,4167141.49,South India,7.64,24.46,59.33,50.59,6017.3,34.25,114.1
2024-03-02,AD004,Hackathon,YouTube,25–35 Age,137353,10177,1561,926,440,62507.3,2300981.91,Pan India,7.41,15.34,59.32,47.52,3581.14,40.04,142.06
2024-03-03,AD001,UG Admission,Google Ads,17–21 Age,190183,9911,2343,1331,712,170515.0,2633312.2,North India,5.21,23.64,56.81,53.49,1444.33,72.78,239.49
2024-03-03,AD004,Hackathon,YouTube,17–21 Age,248339,16962,3496,1806,789,175686.4,2908345.21,East India,6.83,20.61,51.66,43.69,1555.42,50.25,222.67
2024-03-04,AD001,UG Admission,Google Ads,17–21 Age,151825,7293,1728,1114,497,76965.64,3527269.49,West India,4.8,23.69,64.47,44.61,4482.91,44.54,154.86
2024-03-04,AD004,Hackathon,YouTube,17–21 Age,56983,2037,418,208,123,53251.91,737803.26,Pan India,3.57,20.52,49.76,59.13,1285.5,127.4,432.94
2024-03-05,AD001,UG Admission,Google Ads,17–21 Age,70110,3013,750,468,238,52948.0,1892177.59,South India,4.3,24.89,62.4,50.85,3473.65,70.6,222.47
2024-03-05,AD004,Hackathon,YouTube,22–27 Age,161034,5095,881,462,224,84019.32,923164.11,South India,3.16,17.29,52.44,48.48,998.75,95.37,375.09
2024-03-06,AD001,UG Admission,Google Ads,17–21 Age,127872,7698,1526,763,381,116041.16,2303108.01,Pan India,6.02,19.82,50.0,49.93,1884.73,76.04,304.57
2024-03-06,AD004,Hackathon,YouTube,17–21 Age,207444,12055,2103,1256,542,112399.62,2091662.03,North India,5.81,17.45,59.72,43.15,1760.92,53.45,207.38
2024-03-07,AD001,UG Admission,Google Ads,17–21 Age,125458,8435,1509,693,366,66260.18,2398363.29,West India,6.72,17.89,45.92,52.81,3519.61,43.91,181.04
2024-03-07,AD004,Hackathon,YouTube,25–35 Age,125186,5438,1013,516,288,70257.17,1655474.48,East India,4.34,18.63,50.94,55.81,2256.31,69.36,243.95
2024-03-08,AD001,UG Admission,Google Ads,17–21 Age,52749,3113,594,267,132,47097.46,644765.61,West India,5.9,19.08,44.95,49.44,1269.0,79.29,356.8
2024-03-08,AD004,Hackathon,YouTube,17–21 Age,153379,7139,1663,957,429,102014.36,1463624.77,South India,4.65,23.29,57.55,44.83,1334.72,61.34,237.8
2024-03-09,AD001,UG Admission,Google Ads,17–21 Age,55614,3540,572,343,154,36078.71,646246.86,North India,6.37,16.16,59.97,44.9,1691.21,63.07,234.28
2024-03-09,AD004,Hackathon,YouTube,17–21 Age,123685,8520,2108,1010,406,122048.41,1454477.2,South India,6.89,24.74,47.91,40.2,1091.72,57.9,300.61
2024-03-10,AD001,UG Admission,Google Ads,17–21 Age,160586,9019,1457,790,427,118320.36,2536804.91,North India,5.62,16.15,54.22,54.05,2044.01,81.21,277.1
2024-03-10,AD004,Hackathon,YouTube,25–35 Age,226639,12635,2302,1218,650,199476.34,3964941.02,Pan India,5.57,18.22,52.91,53.37,1887.67,86.65,306.89
2024-03-11,AD001,UG Admission,Google Ads,17–21 Age,73407,5606,883,498,256,70482.99,1018845.71,West India,7.64,15.75,56.4,51.41,1345.52,79.82,275.32
2024-03-11,AD004,Hackathon,YouTube,22–27 Age,213309,8042,1913,1209,533,164269.5,4063881.15,North India,3.77,23.79,63.2,44.09,2373.91,85.87,308.2
2024-03-12,AD001,UG Admission,Google Ads,17–21 Age,216597,15507,2335,1445,726,192461.62,2305973.39,North India,7.16,15.06,61.88,50.24,1098.15,82.42,265.1
2024-03-12,AD004,Hackathon,YouTube,25–35 Age,226506,7970,1292,750,420,175994.8,2066586.58,Pan India,3.52,16.21,58.05,56.0,1074.23,136.22,419.04
2024-03-13,AD001,UG Admission,Google Ads,17–21 Age,175194,5344,957,551,261,169204.3,976767.04,West India,3.05,17.91,57.58,47.37,477.27,176.81,648.29
2024-03-13,AD004,Hackathon,YouTube,22–27 Age,185895,10159,1559,796,319,152446.61,2203003.63,East India,5.46,15.35,51.06,40.08,1345.1,97.78,477.89
2024-03-14,AD001,UG Admission,Google Ads,17–21 Age,188495,10549,1800,1004,441,182807.04,2268459.24,West India,5.6,17.06,55.78,43.92,1140.9,101.56,414.53
2024-03-14,AD004,Hackathon,YouTube,22–27 Age,61348,4749,863,560,278,41334.61,2016292.77,Pan India,7.74,18.17,64.89,49.64,4777.98,47.9,148.69
2024-03-15,AD001,UG Admission,Google Ads,17–21 Age,100344,8008,1473,816,424,77929.71,1344335.07,East India,7.98,18.39,55.4,51.96,1625.06,52.91,183.8
2024-03-15,AD004,Hackathon,YouTube,22–27 Age,194652,12957,2628,1452,793,188268.91,5847270.23,East India,6.66,20.28,55.25,54.61,3005.81,71.64,237.41
2024-03-16,AD001,UG Admission,Google Ads,17–21 Age,275868,10436,1877,1023,453,133644.66,2895845.33,West India,3.78,17.99,54.5,44.28,2066.82,71.2,295.02
2024-03-16,AD004,Hackathon,YouTube,22–27 Age,144241,6954,1273,706,292,70141.8,1034342.01,East India,4.82,18.31,55.46,41.36,1374.64,55.1,240.21
2024-03-17,AD001,UG Admission,Google Ads,17–21 Age,292584,23331,3605,1899,921,169598.15,3162278.82,West India,7.97,15.45,52.68,48.5,1764.57,47.05,184.15
2024-03-17,AD004,Hackathon,YouTube,25–35 Age,117460,8173,1756,887,365,93791.14,1580107.16,South India,6.96,21.49,50.51,41.15,1584.71,53.41,256.96
2024-03-18,AD001,UG Admission,Google Ads,17–21 Age,160356,10619,2317,1167,687,89639.34,4671783.2,South India,6.62,21.82,50.37,58.87,5111.76,38.69,130.48
2024-03-18,AD004,Hackathon,YouTube,17–21 Age,58163,3769,797,395,178,25554.54,1293768.14,North India,6.48,21.15,49.56,45.06,4962.77,32.06,143.56
2024-03-19,AD001,UG Admission,Google Ads,17–21 Age,172256,8896,2048,985,576,152568.15,1915389.82,East India,5.16,23.02,48.1,58.48,1155.43,74.5,264.88
2024-03-19,AD004,Hackathon,YouTube,17–21 Age,258133,14755,2438,1536,617,103655.55,4524608.51,South India,5.72,16.52,63.0,40.17,4265.04,42.52,168.0
2024-03-20,AD001,UG Admission,Google Ads,17–21 Age,203648,8947,1995,1108,625,126623.75,3738989.85,South India,4.39,22.3,55.54,56.41,2852.83,63.47,202.6
2024-03-20,AD004,Hackathon,YouTube,22–27 Age,219527,10693,1929,990,415,203424.0,2119680.17,South India,4.87,18.04,51.32,41.92,942.0,105.46,490.18
2024-03-21,AD001,UG Admission,Google Ads,17–21 Age,85480,4749,1166,617,295,77652.63,1845721.68,North India,5.56,24.55,52.92,47.81,2276.9,66.6,263.23
2024-03-21,AD004,Hackathon,YouTube,17–21 Age,284030,14236,2183,1152,592,262334.25,2663779.71,North India,5.01,15.33,52.77,51.39,915.41,120.17,443.13
2024-03-22,AD001,UG Admission,Google Ads,17–21 Age,298776,13733,2795,1309,703,212229.85,5350895.6,West India,4.6,20.35,46.83,53.71,2421.27,75.93,301.89
2024-03-22,AD004,Hackathon,YouTube,22–27 Age,64434,3679,729,397,235,59041.52,1242049.05,Pan India,5.71,19.82,54.46,59.19,2003.69,80.99,251.24
2024-03-23,AD001,UG Admission,Google Ads,17–21 Age,245366,12959,2802,1515,836,241060.05,6091993.93,North India,5.28,21.62,54.07,55.18,2427.17,86.03,288.35
2024-03-23,AD004,Hackathon,YouTube,25–35 Age,53724,1683,344,159,73,49801.33,513709.91,South India,3.13,20.44,46.22,45.91,931.52,144.77,682.21
2024-03-24,AD001,UG Admission,Google Ads,17–21 Age,240769,8468,1835,987,400,145335.12,2921642.34,South India,3.52,21.67,53.79,40.53,1910.28,79.2,363.34
2024-03-24,AD004,Hackathon,YouTube,17–21 Age,79876,4171,757,434,226,75946.35,1660035.68,North India,5.22,18.15,57.33,52.07,2085.8,100.33,336.05
2024-03-25,AD001,UG Admission,Google Ads,17–21 Age,122186,5865,1463,777,313,54949.89,1100080.07,South India,4.8,24.94,53.11,40.28,1901.97,37.56,175.56
2024-03-25,AD004,Hackathon,YouTube,17–21 Age,199247,9891,2264,1217,616,105185.38,4785145.21,East India,4.96,22.89,53.75,50.62,4449.25,46.46,170.76
2024-03-26,AD001,UG Admission,Google Ads,17–21 Age,274044,13557,2893,1644,828,131707.58,6173759.68,North India,4.95,21.34,56.83,50.36,4587.47,45.53,159.07
2024-03-26,AD004,Hackathon,YouTube,22–27 Age,244500,9131,2098,1346,655,146175.82,3464551.93,East India,3.73,22.98,64.16,48.66,2270.13,69.67,223.17
2024-03-27,AD001,UG Admission,Google Ads,17–21 Age,75569,3044,699,363,210,43169.18,954211.72,Pan India,4.03,22.96,51.93,57.85,2110.4,61.76,205.57
2024-03-27,AD004,Hackathon,YouTube,17–21 Age,62090,3649,636,301,174,58686.75,569195.34,South India,5.88,17.43,47.33,57.81,869.89,92.27,337.28
2024-03-28,AD001,UG Admission,Google Ads,17–21 Age,151614,5544,1000,552,221,66293.7,838838.11,South India,3.66,18.04,55.2,40.04,1165.34,66.29,299.97
2024-03-28,AD004,Hackathon,YouTube,17–21 Age,275576,19381,2993,1920,883,152033.82,2850575.87,Pan India,7.03,15.44,64.15,45.99,1774.96,50.8,172.18
2024-03-29,AD001,UG Admission,Google Ads,17–21 Age,128767,7454,1142,540,253,99239.26,960812.07,West India,5.79,15.32,47.29,46.85,868.18,86.9,392.25
2024-03-29,AD004,Hackathon,YouTube,25–35 Age,94022,2854,695,411,192,58116.78,1323997.7,North India,3.04,24.35,59.14,46.72,2178.17,83.62,302.69
2024-03-30,AD001,UG Admission,Google Ads,17–21 Age,168427,7496,1354,707,399,121004.62,2780010.07,North India,4.45,18.06,52.22,56.44,2197.44,89.37,303.27
2024-03-30,AD004,Hackathon,YouTube,17–21 Age,153437,5657,1049,519,211,147977.24,1161334.2,East India,3.69,18.54,49.48,40.66,684.81,141.07,701.31
2024-03-31,AD001,UG Admission,Google Ads,17–21 Age,80636,5687,1072,607,344,59284.93,2288813.48,East India,7.05,18.85,56.62,56.67,3760.7,55.3,172.34
2024-03-31,AD004,Hackathon,YouTube,25–35 Age,158630,4927,822,475,264,141499.38,1140875.76,East India,3.11,16.68,57.79,55.58,706.28,172.14,535.98
2024-04-01,AD001,UG Admission,Google Ads,17–21 Age,186499,6536,1354,621,368,85229.02,2637713.85,West India,3.5,20.72,45.86,59.26,2994.85,62.95,231.6
2024-04-02,AD001,UG Admission,Google Ads,17–21 Age,280440,19647,3222,1784,885,254339.0,4246093.25,North India,7.01,16.4,55.37,49.61,1569.46,78.94,287.39
2024-04-03,AD001,UG Admission,Google Ads,17–21 Age,79911,2837,458,283,153,34959.15,584662.54,South India,3.55,16.14,61.79,54.06,1572.42,76.33,228.49
2024-04-04,AD001,UG Admission,Google Ads,17–21 Age,274653,14146,2816,1386,561,208104.41,3892837.87,West India,5.15,19.91,49.22,40.48,1770.62,73.9,370.95
2024-04-05,AD001,UG Admission,Google Ads,17–21 Age,165340,10645,1684,807,389,129203.32,3018743.31,West India,6.44,15.82,47.92,48.2,2236.43,76.72,332.14
2024-04-06,AD001,UG Admission,Google Ads,17–21 Age,282778,15067,2772,1717,949,219848.01,5156798.93,West India,5.33,18.4,61.94,55.27,2245.62,79.31,231.66
2024-04-07,AD001,UG Admission,Google Ads,17–21 Age,285987,22561,5121,2466,1091,146348.42,3872314.53,Pan India,7.89,22.7,48.15,44.24,2545.96,28.58,134.14
2024-04-08,AD001,UG Admission,Google Ads,17–21 Age,200034,14443,3338,1578,716,189341.96,5411518.93,Pan India,7.22,23.11,47.27,45.37,2758.07,56.72,264.44
2024-04-09,AD001,UG Admission,Google Ads,17–21 Age,114098,4796,979,559,277,95244.65,1500707.12,Pan India,4.2,20.41,57.1,49.55,1475.63,97.29,343.84
2024-04-10,AD001,UG Admission,Google Ads,17–21 Age,230730,8044,1273,591,285,100417.85,2085502.25,North India,3.49,15.83,46.43,48.22,1976.82,78.88,352.34
2024-04-11,AD001,UG Admission,Google Ads,17–21 Age,221570,12355,2256,1301,521,200217.89,2522440.58,Pan India,5.58,18.26,57.67,40.05,1159.85,88.75,384.3
2024-04-12,AD001,UG Admission,Google Ads,17–21 Age,241871,18824,3533,2181,917,126584.31,7087676.71,South India,7.78,18.77,61.73,42.04,5499.17,35.83,138.04
2024-04-13,AD001,UG Admission,Google Ads,17–21 Age,288853,12032,2732,1717,785,202094.55,2398171.83,East India,4.17,22.71,62.85,45.72,1086.66,73.97,257.45
2024-04-14,AD001,UG Admission,Google Ads,17–21 Age,213540,14462,3456,1678,696,108897.67,3431908.04,West India,6.77,23.9,48.55,41.48,3051.5,31.51,156.46
2024-04-15,AD001,UG Admission,Google Ads,17–21 Age,72233,3762,590,318,184,57707.1,1314021.37,West India,5.21,15.68,53.9,57.86,2177.05,97.81,313.63
2024-04-16,AD001,UG Admission,Google Ads,17–21 Age,167205,5074,1208,604,322,115667.4,2387204.39,West India,3.03,23.81,50.0,53.31,1963.85,95.75,359.22
2024-04-17,AD001,UG Admission,Google Ads,17–21 Age,234584,15677,3010,1913,842,190234.63,4025666.51,West India,6.68,19.2,63.55,44.01,2016.16,63.2,225.93
2024-04-18,AD001,UG Admission,Google Ads,17–21 Age,50267,3518,817,515,226,39781.59,893338.11,West India,7.0,23.22,63.04,43.88,2145.61,48.69,176.02
2024-04-19,AD001,UG Admission,Google Ads,17–21 Age,147737,9789,2427,1461,710,115882.02,4999994.77,South India,6.63,24.79,60.2,48.6,4214.73,47.75,163.21
2024-04-20,AD001,UG Admission,Google Ads,17–21 Age,103945,5827,1089,686,290,45623.84,1291459.42,South India,5.61,18.69,62.99,42.27,2730.67,41.9,157.32
2024-04-21,AD001,UG Admission,Google Ads,17–21 Age,180309,13125,2445,1328,595,107078.07,4718406.56,South India,7.28,18.63,54.31,44.8,4306.51,43.79,179.96
2024-04-22,AD001,UG Admission,Google Ads,17–21 Age,165998,7203,1295,834,489,155076.27,3804206.8,South India,4.34,17.98,64.4,58.63,2353.12,119.75,317.13
2024-04-23,AD001,UG Admission,Google Ads,17–21 Age,204547,9363,1756,1126,509,150706.37,2219931.49,Pan India,4.58,18.75,64.12,45.2,1373.02,85.82,296.08
2024-04-24,AD001,UG Admission,Google Ads,17–21 Age,124784,7174,1288,783,351,103744.92,1765941.04,Pan India,5.75,17.95,60.79,44.83,1602.2,80.55,295.57
2024-04-25,AD001,UG Admission,Google Ads,17–21 Age,132967,10361,1745,990,467,65512.99,1832026.4,Pan India,7.79,16.84,56.73,47.17,2696.43,37.54,140.28
2024-04-26,AD001,UG Admission,Google Ads,17–21 Age,260506,13356,3163,1998,854,256268.15,4686283.68,West India,5.13,23.68,63.17,42.74,1728.66,81.02,300.08
2024-04-27,AD001,UG Admission,Google Ads,17–21 Age,229208,9355,2081,1043,469,178259.19,2674523.87,Pan India,4.08,22.24,50.12,44.97,1400.36,85.66,380.08
2024-04-28,AD001,UG Admission,Google Ads,17–21 Age,171241,7348,1294,719,302,85665.34,1939708.81,West India,4.29,17.61,55.56,42.0,2164.29,66.2,283.66
2024-04-29,AD001,UG Admission,Google Ads,17–21 Age,161956,10797,1786,1036,542,150183.86,2235498.12,East India,6.67,16.54,58.01,52.32,1388.51,84.09,277.09
2024-04-30,AD001,UG Admission,Google Ads,17–21 Age,61492,4436,909,457,244,50083.82,751942.31,West India,7.21,20.49,50.28,53.39,1401.37,55.1,205.26
2024-05-01,AD001,UG Admission,Google Ads,17–21 Age,203882,9925,2110,963,504,181726.55,3279195.9,South India,4.87,21.26,45.64,52.34,1704.47,86.13,360.57
2024-05-02,AD001,UG Admission,Google Ads,17–21 Age,52572,2746,633,286,115,31495.18,721471.98,West India,5.22,23.05,45.18,40.21,2190.74,49.76,273.87
2024-05-03,AD001,UG Admission,Google Ads,17–21 Age,182398,9821,2358,1144,659,117138.56,4142036.47,Pan India,5.38,24.01,48.52,57.6,3436.01,49.68,177.75
2024-05-04,AD001,UG Admission,Google Ads,17–21 Age,291292,19445,3115,1736,1028,264152.72,6279650.61,South India,6.68,16.02,55.73,59.22,2277.28,84.8,256.96
2024-05-05,AD001,UG Admission,Google Ads,17–21 Age,209896,11020,2016,1282,676,134786.32,5166291.92,West India,5.25,18.29,63.59,52.73,3732.95,66.86,199.39
2024-05-06,AD001,UG Admission,Google Ads,17–21 Age,212729,11086,2540,1442,785,148219.13,2403528.22,Pan India,5.21,22.91,56.77,54.44,1521.6,58.35,188.81
2024-05-07,AD001,UG Admission,Google Ads,17–21 Age,53575,1779,383,198,83,31495.13,562987.04,South India,3.32,21.53,51.7,41.92,1687.54,82.23,379.46
2024-05-08,AD001,UG Admission,Google Ads,17–21 Age,77717,5458,1240,600,252,39733.88,1374432.65,North India,7.02,22.72,48.39,42.0,3359.09,32.04,157.67
2024-05-09,AD001,UG Admission,Google Ads,17–21 Age,254812,8231,1789,905,508,214463.0,3712872.07,Pan India,3.23,21.73,50.59,56.13,1631.24,119.88,422.17
2024-05-10,AD001,UG Admission,Google Ads,17–21 Age,159338,8621,1987,1010,560,121166.88,2837406.55,Pan India,5.41,23.05,50.83,55.45,2241.73,60.98,216.37
2024-05-11,AD001,UG Admission,Google Ads,17–21 Age,107691,5395,912,434,235,50972.7,1299358.1,North India,5.01,16.9,47.59,54.15,2449.13,55.89,216.91
2024-05-12,AD001,UG Admission,Google Ads,17–21 Age,150217,9087,1717,921,420,84200.07,2218829.95,North India,6.05,18.9,53.64,45.6,2535.19,49.04,200.48
2024-05-13,AD001,UG Admission,Google Ads,17–21 Age,227093,11820,2504,1225,522,192460.38,2362547.82,North India,5.2,21.18,48.92,42.61,1127.55,76.86,368.7
2024-05-14,AD001,UG Admission,Google Ads,17–21 Age,212823,12602,1904,1005,425,107267.35,1912334.83,West India,5.92,15.11,52.78,42.29,1682.77,56.34,252.39
2024-05-15,AD001,UG Admission,Google Ads,17–21 Age,129087,4033,640,346,198,101205.53,1581964.16,West India,3.12,15.87,54.06,57.23,1463.12,158.13,511.14
2024-05-16,AD001,UG Admission,Google Ads,17–21 Age,95904,4183,667,322,147,66125.77,751735.0,North India,4.36,15.95,48.28,45.65,1036.83,99.14,449.84
2024-05-17,AD001,UG Admission,Google Ads,17–21 Age,135876,8214,1729,909,441,85485.01,2700293.92,Pan India,6.05,21.05,52.57,48.51,3058.79,49.44,193.84
2024-05-18,AD001,UG Admission,Google Ads,17–21 Age,280625,14687,2934,1372,655,191298.55,3980786.43,Pan India,5.23,19.98,46.76,47.74,1980.93,65.2,292.06
2024-05-19,AD001,UG Admission,Google Ads,17–21 Age,99328,5165,1149,717,314,59406.59,1218839.81,Pan India,5.2,22.25,62.4,43.79,1951.69,51.7,189.19
2024-05-20,AD001,UG Admission,Google Ads,17–21 Age,144094,11075,2057,1117,577,118500.5,3178344.45,North India,7.69,18.57,54.3,51.66,2582.14,57.61,205.37
2024-05-21,AD001,UG Admission,Google Ads,17–21 Age,257103,13993,3038,1674,939,151753.51,5715057.08,South India,5.44,21.71,55.1,56.09,3666.01,49.95,161.61
2024-05-22,AD001,UG Admission,Google Ads,17–21 Age,209828,14119,2701,1585,667,164161.53,3749676.3,North India,6.73,19.13,58.68,42.08,2184.14,60.78,246.12
2024-05-23,AD001,UG Admission,Google Ads,17–21 Age,218859,11905,1854,941,482,120754.52,1563740.44,East India,5.44,15.57,50.76,51.22,1194.97,65.13,250.53
2024-05-24,AD001,UG Admission,Google Ads,17–21 Age,210510,12742,2399,1408,810,182684.18,6159533.63,West India,6.05,18.83,58.69,57.53,3271.68,76.15,225.54
2024-05-25,AD001,UG Admission,Google Ads,17–21 Age,112134,3488,542,286,159,76411.33,520844.26,North India,3.11,15.54,52.77,55.59,581.63,140.98,480.57
2024-05-26,AD001,UG Admission,Google Ads,17–21 Age,167323,6870,1386,656,339,154889.76,2689431.95,West India,4.11,20.17,47.33,51.68,1636.35,111.75,456.9
2024-05-27,AD001,UG Admission,Google Ads,17–21 Age,71573,3385,572,368,169,37172.3,1300602.63,South India,4.73,16.9,64.34,45.92,3398.85,64.99,219.95
2024-05-28,AD001,UG Admission,Google Ads,17–21 Age,157823,9513,2121,1051,506,109850.41,3668863.75,South India,6.03,22.3,49.55,48.14,3239.87,51.79,217.1
2024-05-29,AD001,UG Admission,Google Ads,17–21 Age,170857,13220,2821,1398,619,96132.33,4551261.95,North India,7.74,21.34,49.56,44.28,4634.37,34.08,155.3
2024-05-30,AD001,UG Admission,Google Ads,17–21 Age,286098,8605,1496,757,307,284695.91,2297719.94,North India,3.01,17.39,50.6,40.55,707.08,190.3,927.35
2024-05-31,AD001,UG Admission,Google Ads,17–21 Age,179655,7512,1329,827,420,177940.53,2774452.44,South India,4.18,17.69,62.23,50.79,1459.2,133.89,423.67
2024-06-01,AD001,UG Admission,Google Ads,17–21 Age,200920,10462,2244,1338,750,142412.11,4242470.36,West India,5.21,21.45,59.63,56.05,2879.01,63.46,189.88
2024-06-02,AD001,UG Admission,Google Ads,17–21 Age,277733,19722,3356,1999,1087,267369.15,6633449.5,East India,7.1,17.02,59.56,54.38,2381.01,79.67,245.97
2024-06-03,AD001,UG Admission,Google Ads,17–21 Age,163525,6314,1573,794,445,161244.1,2892185.32,East India,3.86,24.91,50.48,56.05,1693.67,102.51,362.35
2024-06-04,AD001,UG Admission,Google Ads,17–21 Age,57200,2876,542,295,144,40656.16,1131479.57,North India,5.03,18.85,54.43,48.81,2683.05,75.01,282.33
2024-06-05,AD001,UG Admission,Google Ads,17–21 Age,138496,6165,1152,534,238,78355.93,1666242.27,West India,4.45,18.69,46.35,44.57,2026.5,68.02,329.23
2024-06-06,AD001,UG Admission,Google Ads,17–21 Age,173098,12987,2605,1205,678,171934.55,4701884.7,East India,7.5,20.06,46.26,56.27,2634.69,66.0,253.59
2024-06-07,AD001,UG Admission,Google Ads,17–21 Age,132867,6166,1353,871,423,110775.88,1886619.18,North India,4.64,21.94,64.38,48.56,1603.1,81.87,261.88
2024-06-08,AD001,UG Admission,Google Ads,17–21 Age,78405,5902,1106,584,309,59265.23,1624992.95,Pan India,7.53,18.74,52.8,52.91,2641.9,53.59,191.8
2024-06-09,AD001,UG Admission,Google Ads,17–21 Age,123612,8089,1527,775,424,113946.27,3146851.09,Pan India,6.54,18.88,50.75,54.71,2661.7,74.62,268.74
2024-06-10,AD001,UG Admission,Google Ads,17–21 Age,195933,8997,1665,915,447,189378.11,2736847.83,North India,4.59,18.51,54.95,48.85,1345.18,113.74,423.66
2024-06-11,AD001,UG Admission,Google Ads,17–21 Age,107645,6490,1396,669,394,64452.16,2150210.51,South India,6.03,21.51,47.92,58.89,3236.13,46.17,163.58
2024-06-12,AD001,UG Admission,Google Ads,17–21 Age,126990,3967,640,342,195,78557.41,817559.85,South India,3.12,16.13,53.44,57.02,940.72,122.75,402.86
2024-06-13,AD001,UG Admission,Google Ads,17–21 Age,173173,6384,1547,788,399,127532.25,2683477.69,East India,3.69,24.23,50.94,50.63,2004.16,82.44,319.63
2024-06-14,AD001,UG Admission,Google Ads,17–21 Age,267033,20262,3713,2404,1299,216742.23,7943328.02,Pan India,7.59,18.32,64.75,54.03,3564.87,58.37,166.85
2024-06-15,AD001,UG Admission,Google Ads,17–21 Age,132726,7918,1387,700,353,57062.19,1916053.2,East India,5.97,17.52,50.47,50.43,3257.83,41.14,161.65
2024-06-16,AD001,UG Admission,Google Ads,17–21 Age,251270,9386,1500,689,349,244867.93,2427243.89,North India,3.74,15.98,45.93,50.65,891.25,163.25,701.63
2024-06-17,AD001,UG Admission,Google Ads,17–21 Age,207125,16396,3081,1427,767,130264.98,5214044.04,West India,7.92,18.79,46.32,53.75,3902.64,42.28,169.84
2024-06-18,AD001,UG Admission,Google Ads,17–21 Age,224667,15878,3948,2098,1224,195773.85,4343632.79,East India,7.07,24.86,53.14,58.34,2118.7,49.59,159.95
2024-06-19,AD001,UG Admission,Google Ads,17–21 Age,295874,20384,3505,2023,974,195140.62,5500364.7,East India,6.89,17.19,57.72,48.15,2718.67,55.67,200.35
2024-06-20,AD001,UG Admission,Google Ads,17–21 Age,205409,7026,1119,706,423,175824.96,1322998.03,Pan India,3.42,15.93,63.09,59.92,652.45,157.13,415.66
2024-06-21,AD001,UG Admission,Google Ads,17–21 Age,189047,7231,1473,846,469,149311.23,2655170.75,North India,3.82,20.37,57.43,55.44,1678.28,101.37,318.36
2024-06-22,AD001,UG Admission,Google Ads,17–21 Age,174907,8495,2121,1059,425,134700.51,2590998.61,North India,4.86,24.97,49.93,40.13,1823.53,63.51,316.94
2024-06-23,AD001,UG Admission,Google Ads,17–21 Age,176167,10868,1936,1164,627,121892.02,4751275.42,East India,6.17,17.81,60.12,53.87,3797.94,62.96,194.41
2024-06-24,AD001,UG Admission,Google Ads,17–21 Age,170905,8986,2123,1289,772,77320.5,3546992.04,Pan India,5.26,23.63,60.72,59.89,4487.39,36.42,100.16
2024-06-25,AD001,UG Admission,Google Ads,17–21 Age,92195,6158,1102,514,217,53344.57,1158159.81,West India,6.68,17.9,46.64,42.22,2071.09,48.41,245.83
2024-06-26,AD001,UG Admission,Google Ads,17–21 Age,144589,11439,2189,1146,674,93882.94,3774177.24,Pan India,7.91,19.14,52.35,58.81,3920.09,42.89,139.29
2024-06-27,AD001,UG Admission,Google Ads,17–21 Age,218634,13467,2852,1603,838,196856.04,2571768.14,North India,6.16,21.18,56.21,52.28,1206.42,69.02,234.91
2024-06-28,AD001,UG Admission,Google Ads,17–21 Age,224017,17218,3927,2217,1085,145416.06,7154154.91,North India,7.69,22.81,56.46,48.94,4819.78,37.03,134.02
2024-06-29,AD001,UG Admission,Google Ads,17–21 Age,99562,5277,1146,694,296,73478.7,920163.38,North India,5.3,21.72,60.56,42.65,1152.29,64.12,248.24
2024-06-30,AD001,UG Admission,Google Ads,17–21 Age,247894,9939,2312,1356,632,174102.28,4208262.52,West India,4.01,23.26,58.65,46.61,2317.12,75.3,275.48
2024-07-01,AD001,UG Admission,Google Ads,17–21 Age,189966,6959,1711,797,357,128422.24,2524973.42,South India,3.66,24.59,46.58,44.79,1866.15,75.06,359.73
2024-07-02,AD001,UG Admission,Google Ads,17–21 Age,290368,17043,2956,1912,1082,182544.6,3348574.79,South India,5.87,17.34,64.68,56.59,1734.39,61.75,168.71
2024-07-03,AD001,UG Admission,Google Ads,17–21 Age,98624,5398,1025,555,234,58644.23,1605697.96,East India,5.47,18.99,54.15,42.16,2638.03,57.21,250.62
2024-07-04,AD001,UG Admission,Google Ads,17–21 Age,185544,8967,1881,974,497,143891.23,2013575.82,North India,4.83,20.98,51.78,51.03,1299.37,76.5,289.52
2024-07-05,AD001,UG Admission,Google Ads,17–21 Age,64345,2893,673,399,231,58397.08,1512057.86,East India,4.5,23.26,59.29,57.89,2489.27,86.77,252.8
2024-07-06,AD001,UG Admission,Google Ads,17–21 Age,260059,15459,2859,1616,748,238169.83,3760809.01,Pan India,5.94,18.49,56.52,46.29,1479.05,83.31,318.41
2024-07-07,AD001,UG Admission,Google Ads,17–21 Age,272679,12573,2386,1298,669,125239.22,4864239.68,East India,4.61,18.98,54.4,51.54,3783.96,52.49,187.2
2024-07-08,AD001,UG Admission,Google Ads,17–21 Age,248350,16741,2897,1713,861,217164.85,3498930.88,Pan India,6.74,17.3,59.13,50.26,1511.19,74.96,252.22
2024-07-09,AD001,UG Admission,Google Ads,17–21 Age,177393,7806,1826,1016,471,138014.22,3729596.77,Pan India,4.4,23.39,55.64,46.36,2602.33,75.58,293.02
2024-07-10,AD001,UG Admission,Google Ads,17–21 Age,151029,9303,1887,1057,498,70776.38,1931400.27,Pan India,6.16,20.28,56.01,47.11,2628.88,37.51,142.12
2024-07-11,AD001,UG Admission,Google Ads,17–21 Age,53745,4296,787,354,145,28330.69,567612.72,North India,7.99,18.32,44.98,40.96,1903.53,36.0,195.38
2024-07-12,AD001,UG Admission,Google Ads,17–21 Age,81985,2676,589,334,155,39730.86,1134386.5,East India,3.26,22.01,56.71,46.41,2755.18,67.45,256.33
2024-07-13,AD001,UG Admission,Google Ads,17–21 Age,101535,3234,704,418,167,49643.44,538637.71,South India,3.19,21.77,59.38,39.95,985.01,70.52,297.27
2024-07-14,AD001,UG Admission,Google Ads,17–21 Age,56203,3399,526,282,124,50748.12,703721.34,East India,6.05,15.48,53.61,43.97,1286.69,96.48,409.26
2024-07-15,AD001,UG Admission,Google Ads,17–21 Age,172571,12649,2920,1512,709,144033.44,4185547.5,West India,7.33,23.08,51.78,46.89,2805.96,49.33,203.15
2024-07-16,AD001,UG Admission,Google Ads,17–21 Age,206620,15320,3284,2077,936,107031.96,4032427.25,West India,7.41,21.44,63.25,45.06,3667.5,32.59,114.35
2024-07-17,AD001,UG Admission,Google Ads,17–21 Age,238579,11277,1997,942,481,200472.94,1996665.29,West India,4.73,17.71,47.17,51.06,895.98,100.39,416.78
2024-07-18,AD001,UG Admission,Google Ads,17–21 Age,299596,13778,2469,1401,803,133225.18,4364604.85,Pan India,4.6,17.92,56.74,57.32,3176.11,53.96,165.91
2024-07-19,AD001,UG Admission,Google Ads,17–21 Age,289584,9928,1754,852,495,233553.6,1607665.33,North India,3.43,17.67,48.57,58.1,588.35,133.15,471.83
2024-07-20,AD001,UG Admission,Google Ads,17–21 Age,272890,10309,2371,1461,865,248690.64,6675094.56,West India,3.78,23.0,61.62,59.21,2584.1,104.89,287.5
2024-07-21,AD001,UG Admission,Google Ads,17–21 Age,285905,8585,1949,993,582,254211.76,3218555.65,West India,3.0,22.7,50.95,58.61,1166.09,130.43,436.79
2024-07-22,AD001,UG Admission,Google Ads,17–21 Age,92579,6825,1236,768,372,46340.62,2501009.92,West India,7.37,18.11,62.14,48.44,5297.01,37.49,124.57
2024-07-23,AD001,UG Admission,Google Ads,17–21 Age,262199,20171,3719,2289,1259,108832.62,8859616.13,North India,7.69,18.44,61.55,55.0,8040.59,29.26,86.44
2024-07-24,AD001,UG Admission,Google Ads,17–21 Age,198212,6874,1415,799,462,108824.3,3333666.45,Pan India,3.47,20.58,56.47,57.82,2963.35,76.91,235.55
2024-07-25,AD001,UG Admission,Google Ads,17–21 Age,118809,7312,1760,995,443,100651.52,2996388.37,West India,6.15,24.07,56.53,44.52,2876.99,57.19,227.2
2024-07-26,AD001,UG Admission,Google Ads,17–21 Age,182889,5572,878,401,226,93158.25,1525793.32,North India,3.05,15.76,45.67,56.36,1537.85,106.1,412.2
2024-07-27,AD001,UG Admission,Google Ads,17–21 Age,85016,3976,731,365,182,39557.93,1358545.74,South India,4.68,18.39,49.93,49.86,3334.32,54.11,217.35
2024-07-28,AD001,UG Admission,Google Ads,17–21 Age,136206,8419,2017,1200,719,66697.45,3914237.0,West India,6.18,23.96,59.49,59.92,5768.65,33.07,92.76
2024-07-29,AD001,UG Admission,Google Ads,17–21 Age,165347,11046,2068,1143,503,143383.04,1991695.9,South India,6.68,18.72,55.27,44.01,1289.07,69.33,285.06
2024-07-30,AD001,UG Admission,Google Ads,17–21 Age,293930,12917,3074,1552,860,135737.98,4957159.97,West India,4.39,23.8,50.49,55.41,3552.01,44.16,157.83
2024-07-31,AD001,UG Admission,Google Ads,17–21 Age,143598,9751,1930,965,442,121893.19,1449676.75,Pan India,6.79,19.79,50.0,45.8,1089.3,63.16,275.78
2024-08-01,AD001,UG Admission,Google Ads,17–21 Age,54410,4309,693,357,191,48121.46,1063428.31,North India,7.92,16.08,51.52,53.5,2109.88,69.44,251.94
2024-08-01,AD005,Semester Exchange Program,Instagram,22–27 Age,100600,4426,1006,578,315,88124.93,2363533.5,South India,4.4,22.73,57.46,54.5,2582.03,87.6,279.76
2024-08-02,AD001,UG Admission,Google Ads,17–21 Age,132675,10342,1904,862,374,113475.65,1926663.81,North India,7.79,18.41,45.27,43.39,1597.87,59.6,303.41
2024-08-02,AD005,Semester Exchange Program,Instagram,17–21 Age,120721,9109,1747,1023,521,75049.88,2509324.06,North India,7.55,19.18,58.56,50.93,3243.54,42.96,144.05
2024-08-03,AD001,UG Admission,Google Ads,17–21 Age,200741,11692,2445,1190,664,136500.62,3345576.76,South India,5.82,20.91,48.67,55.8,2350.96,55.83,205.57
2024-08-03,AD005,Semester Exchange Program,Instagram,17–21 Age,208142,16098,3655,2210,1252,141729.43,7709099.55,Pan India,7.73,22.7,60.47,56.65,5339.31,38.78,113.2
2024-08-04,AD001,UG Admission,Google Ads,17–21 Age,62326,2288,416,208,97,53808.35,514275.89,West India,3.67,18.18,50.0,46.63,855.75,129.35,554.73
2024-08-04,AD005,Semester Exchange Program,Instagram,22–27 Age,60178,3164,594,300,141,36780.38,638055.97,East India,5.26,18.77,50.51,47.0,1634.77,61.92,260.85
2024-08-05,AD001,UG Admission,Google Ads,17–21 Age,105561,6091,1210,657,361,58132.88,1085319.27,South India,5.77,19.87,54.3,54.95,1766.96,48.04,161.03
2024-08-05,AD005,Semester Exchange Program,Instagram,17–21 Age,108128,4562,1033,586,260,58193.29,1634560.79,South India,4.22,22.64,56.73,44.37,2708.85,56.33,223.82
2024-08-06,AD001,UG Admission,Google Ads,17–21 Age,96715,4883,1120,538,232,43537.41,1813996.79,East India,5.05,22.94,48.04,43.12,4066.52,38.87,187.66
2024-08-06,AD005,Semester Exchange Program,Instagram,25–35 Age,99786,4538,843,475,270,86472.87,1992669.9,North India,4.55,18.58,56.35,56.84,2204.39,102.58,320.27
2024-08-07,AD001,UG Admission,Google Ads,17–21 Age,297887,19916,3329,2125,936,270727.95,2895011.75,West India,6.69,16.72,63.83,44.05,969.34,81.32,289.24
2024-08-07,AD005,Semester Exchange Program,Instagram,17–21 Age,54376,2198,530,240,98,48889.03,404235.06,Pan India,4.04,24.11,45.28,40.83,726.84,92.24,498.87
2024-08-08,AD001,UG Admission,Google Ads,17–21 Age,88036,3843,807,511,208,69666.14,1270694.45,Pan India,4.37,21.0,63.32,40.7,1723.98,86.33,334.93
2024-08-08,AD005,Semester Exchange Program,Instagram,17–21 Age,276523,11747,1913,1099,451,112550.84,3062511.38,West India,4.25,16.29,57.45,41.04,2621.0,58.83,249.56
2024-08-09,AD001,UG Admission,Google Ads,17–21 Age,61270,3608,771,487,203,48486.67,1016705.47,South India,5.89,21.37,63.16,41.68,1996.88,62.89,238.85
2024-08-09,AD005,Semester Exchange Program,Instagram,25–35 Age,175935,8558,1832,1035,601,163462.72,2873827.39,East India,4.86,21.41,56.5,58.07,1658.09,89.23,271.98
2024-08-10,AD001,UG Admission,Google Ads,17–21 Age,270202,19267,3864,1957,1169,132916.08,5811867.04,Pan India,7.13,20.06,50.65,59.73,4272.58,34.4,113.7
2024-08-10,AD005,Semester Exchange Program,Instagram,17–21 Age,70308,4870,930,492,251,51723.19,1262103.52,South India,6.93,19.1,52.9,51.02,2340.11,55.62,206.07
2024-08-11,AD001,UG Admission,Google Ads,17–21 Age,206790,15329,3569,2038,1076,151435.23,8479988.83,South India,7.41,23.28,57.1,52.8,5499.75,42.43,140.74
2024-08-11,AD005,Semester Exchange Program,Instagram,25–35 Age,239465,10006,1533,767,445,119177.15,3554173.67,North India,4.18,15.32,50.03,58.02,2882.26,77.74,267.81
2024-08-12,AD001,UG Admission,Google Ads,17–21 Age,143259,4765,1041,609,246,103534.0,1950084.07,Pan India,3.33,21.85,58.5,40.39,1783.52,99.46,420.87
2024-08-12,AD005,Semester Exchange Program,Instagram,25–35 Age,60504,2239,539,322,184,54506.92,1051156.08,Pan India,3.7,24.07,59.74,57.14,1828.48,101.13,296.23
2024-08-13,AD001,UG Admission,Google Ads,17–21 Age,203962,9650,2394,1402,591,143265.17,2808713.52,North India,4.73,24.81,58.56,42.15,1860.5,59.84,242.41
2024-08-13,AD005,Semester Exchange Program,Instagram,17–21 Age,140195,9654,1913,1044,524,78718.46,3267340.14,West India,6.89,19.82,54.57,50.19,4050.67,41.15,150.23
2024-08-14,AD001,UG Admission,Google Ads,17–21 Age,93684,5805,1305,670,372,41067.66,1553036.39,West India,6.2,22.48,51.34,55.52,3681.65,31.47,110.4
2024-08-14,AD005,Semester Exchange Program,Instagram,25–35 Age,184290,10858,2176,991,427,163226.63,1995132.12,South India,5.89,20.04,45.54,43.09,1122.31,75.01,382.26
2024-08-15,AD001,UG Admission,Google Ads,17–21 Age,246897,8565,2017,1112,614,246807.4,4424382.49,North India,3.47,23.55,55.13,55.22,1692.65,122.36,401.97
2024-08-15,AD005,Semester Exchange Program,Instagram,17–21 Age,75772,2986,585,343,194,50358.62,1510026.78,North India,3.94,19.59,58.63,56.56,2898.55,86.08,259.58
2024-08-16,AD001,UG Admission,Google Ads,17–21 Age,259857,18951,3776,2370,1066,110740.59,3876986.66,North India,7.29,19.93,62.76,44.98,3400.96,29.33,103.88
2024-08-16,AD005,Semester Exchange Program,Instagram,25–35 Age,147185,8624,2052,1243,630,102580.43,3446317.81,West India,5.86,23.79,60.58,50.68,3259.63,49.99,162.83
2024-08-17,AD001,UG Admission,Google Ads,17–21 Age,160425,11372,2306,1230,588,133747.28,2831000.7,North India,7.09,20.28,53.34,47.8,2016.68,58.0,227.46
2024-08-17,AD005,Semester Exchange Program,Instagram,22–27 Age,196487,8699,1691,1051,613,171743.84,3311850.86,South India,4.43,19.44,62.15,58.33,1828.37,101.56,280.17
2024-08-18,AD001,UG Admission,Google Ads,17–21 Age,136692,7477,1371,764,442,120425.27,2071543.89,West India,5.47,18.34,55.73,57.85,1620.19,87.84,272.46
2024-08-18,AD005,Semester Exchange Program,Instagram,25–35 Age,254671,15131,3100,1454,638,167140.01,4151995.55,West India,5.94,20.49,46.9,43.88,2384.14,53.92,261.97
2024-08-19,AD001,UG Admission,Google Ads,17–21 Age,167681,13225,2990,1842,894,92404.26,6148023.7,North India,7.89,22.61,61.61,48.53,6553.4,30.9,103.36
2024-08-19,AD005,Semester Exchange Program,Instagram,17–21 Age,150411,8934,1854,1043,438,83953.46,3329055.06,East India,5.94,20.75,56.26,41.99,3865.36,45.28,191.67
2024-08-20,AD001,UG Admission,Google Ads,17–21 Age,50916,2686,642,387,160,34435.4,774444.94,North India,5.28,23.9,60.28,41.34,2148.98,53.64,215.22
2024-08-20,AD005,Semester Exchange Program,Instagram,22–27 Age,266600,18274,4074,2224,907,192783.02,4819731.14,South India,6.85,22.29,54.59,40.78,2400.08,47.32,212.55
2024-08-21,AD001,UG Admission,Google Ads,17–21 Age,246115,17238,2715,1569,816,239237.62,5018704.73,East India,7.0,15.75,57.79,52.01,1997.79,88.12,293.18
2024-08-21,AD005,Semester Exchange Program,Instagram,17–21 Age,286047,14611,3332,1656,978,195179.76,5342189.13,North India,5.11,22.8,49.7,59.06,2637.06,58.58,199.57
2024-08-22,AD001,UG Admission,Google Ads,17–21 Age,55434,3340,628,299,157,47688.64,567663.31,Pan India,6.03,18.8,47.61,52.51,1090.35,75.94,303.75
2024-08-22,AD005,Semester Exchange Program,Instagram,17–21 Age,138420,9190,1758,895,476,121775.58,3796435.52,South India,6.64,19.13,50.91,53.18,3017.57,69.27,255.83
2024-08-23,AD001,UG Admission,Google Ads,17–21 Age,212121,8521,1831,1065,523,210422.93,1816349.21,South India,4.02,21.49,58.16,49.11,763.19,114.92,402.34
2024-08-23,AD005,Semester Exchange Program,Instagram,22–27 Age,174155,7729,1269,726,423,114529.99,1755445.01,South India,4.44,16.42,57.21,58.26,1432.74,90.25,270.76
2024-08-24,AD001,UG Admission,Google Ads,17–21 Age,298055,23238,3774,2035,1015,255249.45,5574248.14,West India,7.8,16.24,53.92,49.88,2083.84,67.63,251.48
2024-08-24,AD005,Semester Exchange Program,Instagram,17–21 Age,73433,3246,574,335,163,43645.42,1029954.06,Pan India,4.42,17.68,58.36,48.66,2259.82,76.04,267.76
2024-08-25,AD001,UG Admission,Google Ads,17–21 Age,273318,12830,2725,1477,719,249800.87,3360100.1,West India,4.69,21.24,54.2,48.68,1245.11,91.67,347.43
2024-08-25,AD005,Semester Exchange Program,Instagram,17–21 Age,190927,8324,1746,1040,502,153681.46,1737263.59,West India,4.36,20.98,59.56,48.27,1030.43,88.02,306.14
2024-08-26,AD001,UG Admission,Google Ads,17–21 Age,280548,22400,3381,2001,1115,243363.91,7580435.6,Pan India,7.98,15.09,59.18,55.72,3014.86,71.98,218.26
2024-08-26,AD005,Semester Exchange Program,Instagram,17–21 Age,285397,15333,2569,1619,881,167612.44,5312696.48,Pan India,5.37,16.75,63.02,54.42,3069.63,65.24,190.25
2024-08-27,AD001,UG Admission,Google Ads,17–21 Age,230587,11780,2103,985,557,170545.05,2172105.58,North India,5.11,17.85,46.84,56.55,1173.63,81.1,306.19
2024-08-27,AD005,Semester Exchange Program,Instagram,22–27 Age,239102,11777,2683,1443,793,178773.39,6237099.54,South India,4.93,22.78,53.78,54.95,3388.83,66.63,225.44
2024-08-28,AD001,UG Admission,Google Ads,17–21 Age,122769,4992,1154,639,335,76198.02,1803614.19,East India,4.07,23.12,55.37,52.43,2267.01,66.03,227.46
2024-08-28,AD005,Semester Exchange Program,Instagram,25–35 Age,118445,9312,1796,862,394,53888.89,1248957.41,Pan India,7.86,19.29,48.0,45.71,2217.65,30.0,136.77
2024-08-29,AD001,UG Admission,Google Ads,17–21 Age,176924,6002,1405,726,305,149271.1,1316066.43,Pan India,3.39,23.41,51.67,42.01,781.66,106.24,489.41
2024-08-29,AD005,Semester Exchange Program,Instagram,17–21 Age,141835,4781,815,412,201,71163.26,1195976.69,East India,3.37,17.05,50.55,48.79,1580.61,87.32,354.05
2024-08-30,AD001,UG Admission,Google Ads,17–21 Age,89353,3461,777,423,218,68408.44,1404431.2,East India,3.87,22.45,54.44,51.54,1953.01,88.04,313.8
2024-08-30,AD005,Semester Exchange Program,Instagram,25–35 Age,172603,13771,3131,1756,957,123949.96,7284646.5,West India,7.98,22.74,56.08,54.5,5777.09,39.59,129.52
2024-08-31,AD001,UG Admission,Google Ads,17–21 Age,275170,8309,2008,1217,654,116652.11,2196952.4,North India,3.02,24.17,60.61,53.74,1783.34,58.09,178.37
2024-08-31,AD005,Semester Exchange Program,Instagram,25–35 Age,188007,12565,2831,1364,556,100933.35,2063936.01,North India,6.68,22.53,48.18,40.76,1944.85,35.65,181.53
2024-09-01,AD005,Semester Exchange Program,Instagram,25–35 Age,277995,17323,3307,1962,807,119949.55,3907589.22,East India,6.23,19.09,59.33,41.13,3157.69,36.27,148.64
2024-09-02,AD005,Semester Exchange Program,Instagram,17–21 Age,204641,14981,3396,1681,682,155414.22,5373759.1,Pan India,7.32,22.67,49.5,40.57,3357.7,45.76,227.88
2024-09-03,AD005,Semester Exchange Program,Instagram,22–27 Age,80461,5310,1043,626,251,56362.02,988491.69,East India,6.6,19.64,60.02,40.1,1653.83,54.04,224.55
2024-09-04,AD005,Semester Exchange Program,Instagram,17–21 Age,225116,11836,2871,1828,993,145813.18,7254951.42,South India,5.26,24.26,63.67,54.32,4875.51,50.79,146.84
2024-09-05,AD005,Semester Exchange Program,Instagram,17–21 Age,116737,9182,1836,1173,621,99175.68,2537615.16,South India,7.87,20.0,63.89,52.94,2458.71,54.02,159.7
2024-09-06,AD005,Semester Exchange Program,Instagram,22–27 Age,63297,4534,954,479,279,50866.84,2142106.16,Pan India,7.16,21.04,50.21,58.25,4111.2,53.32,182.32
2024-09-07,AD005,Semester Exchange Program,Instagram,22–27 Age,58123,2245,487,238,102,48037.73,806657.5,West India,3.86,21.69,48.87,42.86,1579.22,98.64,470.96
2024-09-08,AD005,Semester Exchange Program,Instagram,17–21 Age,245747,19560,3600,2070,927,200843.09,3867146.21,West India,7.96,18.4,57.5,44.78,1825.46,55.79,216.66
2024-09-09,AD005,Semester Exchange Program,Instagram,17–21 Age,84497,2556,527,306,147,40400.53,517443.61,East India,3.02,20.62,58.06,48.04,1180.78,76.66,274.83
2024-09-10,AD005,Semester Exchange Program,Instagram,17–21 Age,241659,17679,2873,1586,722,135221.61,4879841.23,East India,7.32,16.25,55.2,45.52,3508.77,47.07,187.29
2024-09-11,AD005,Semester Exchange Program,Instagram,22–27 Age,65507,2625,419,269,116,58810.83,812926.32,West India,4.01,15.96,64.2,43.12,1282.27,140.36,506.99
2024-09-12,AD005,Semester Exchange Program,Instagram,17–21 Age,89606,3064,523,302,174,82237.51,1090015.64,Pan India,3.42,17.07,57.74,57.62,1225.45,157.24,472.63
2024-09-13,AD005,Semester Exchange Program,Instagram,25–35 Age,288944,22296,3936,2456,1336,268441.11,10200618.61,North India,7.72,17.65,62.4,54.4,3699.95,68.2,200.93
2024-09-14,AD005,Semester Exchange Program,Instagram,25–35 Age,61065,3349,511,253,103,50674.5,618470.9,East India,5.48,15.26,49.51,40.71,1120.48,99.17,491.99
2024-09-15,AD005,Semester Exchange Program,Instagram,17–21 Age,52998,2691,556,360,169,42374.05,1263776.46,South India,5.08,20.66,64.75,46.94,2882.43,76.21,250.73
2024-09-16,AD005,Semester Exchange Program,Instagram,17–21 Age,188733,6063,1486,848,495,117044.6,1718164.73,West India,3.21,24.51,57.07,58.37,1367.96,78.76,236.45
2024-09-17,AD005,Semester Exchange Program,Instagram,22–27 Age,264523,8422,1397,690,285,174372.08,2190322.56,North India,3.18,16.59,49.39,41.3,1156.12,124.82,611.83
2024-09-18,AD005,Semester Exchange Program,Instagram,17–21 Age,99863,5899,1473,894,463,73758.95,1765141.51,East India,5.91,24.97,60.69,51.79,2293.12,50.07,159.31
2024-09-19,AD005,Semester Exchange Program,Instagram,25–35 Age,76229,4994,1189,748,448,38131.31,2070391.74,North India,6.55,23.81,62.91,59.89,5329.64,32.07,85.11
2024-09-20,AD005,Semester Exchange Program,Instagram,17–21 Age,121757,6018,1136,664,374,107787.88,2220089.24,South India,4.94,18.88,58.45,56.33,1959.68,94.88,288.2
2024-09-21,AD005,Semester Exchange Program,Instagram,25–35 Age,114298,4785,1131,713,345,80918.92,2265577.65,North India,4.19,23.64,63.04,48.39,2699.81,71.55,234.55
2024-09-22,AD005,Semester Exchange Program,Instagram,17–21 Age,105308,7365,1272,726,432,43967.23,2323390.45,North India,6.99,17.27,57.08,59.5,5184.37,34.57,101.78
2024-09-23,AD005,Semester Exchange Program,Instagram,22–27 Age,136857,9505,1522,788,362,65108.72,1489069.41,South India,6.95,16.01,51.77,45.94,2187.05,42.78,179.86
2024-09-24,AD005,Semester Exchange Program,Instagram,17–21 Age,134230,8702,1365,650,332,124821.77,1474440.35,West India,6.48,15.69,47.62,51.08,1081.24,91.44,375.97
2024-09-25,AD005,Semester Exchange Program,Instagram,22–27 Age,262940,21020,4963,2852,1664,200318.65,7439846.28,North India,7.99,23.61,57.47,58.35,3614.01,40.36,120.38
2024-09-26,AD005,Semester Exchange Program,Instagram,25–35 Age,273481,17743,3097,1835,1000,262907.98,7305475.89,South India,6.49,17.45,59.25,54.5,2678.72,84.89,262.91
2024-09-27,AD005,Semester Exchange Program,Instagram,17–21 Age,81135,4547,1123,543,325,72931.67,1570056.62,North India,5.6,24.7,48.35,59.85,2052.78,64.94,224.41
2024-09-28,AD005,Semester Exchange Program,Instagram,22–27 Age,177065,8511,1962,1141,682,126930.36,4613730.38,West India,4.81,23.05,58.15,59.77,3534.85,64.69,186.11
2024-09-29,AD005,Semester Exchange Program,Instagram,17–21 Age,120820,8446,1398,808,382,96604.45,1911053.53,South India,6.99,16.55,57.8,47.28,1878.23,69.1,252.89
2024-09-30,AD005,Semester Exchange Program,Instagram,17–21 Age,108200,3265,588,270,146,90135.86,550296.55,Pan India,3.02,18.01,45.92,54.07,510.52,153.29,617.37
2024-10-01,AD005,Semester Exchange Program,Instagram,25–35 Age,181393,7776,1216,691,308,116710.52,955852.67,South India,4.29,15.64,56.83,44.57,718.99,95.98,378.93
2024-10-02,AD005,Semester Exchange Program,Instagram,25–35 Age,188107,11836,2751,1255,668,83985.35,3644883.8,North India,6.29,23.24,45.62,53.23,4239.9,30.53,125.73
2024-10-03,AD005,Semester Exchange Program,Instagram,17–21 Age,136913,4144,997,508,257,88554.32,1706756.01,South India,3.03,24.06,50.95,50.59,1827.35,88.82,344.57
2024-10-04,AD005,Semester Exchange Program,Instagram,25–35 Age,275383,21966,4741,2231,912,239728.52,3926372.14,Pan India,7.98,21.58,47.06,40.88,1537.84,50.56,262.86
2024-10-05,AD005,Semester Exchange Program,Instagram,25–35 Age,287478,15296,2824,1485,658,273924.01,2298553.78,North India,5.32,18.46,52.58,44.31,739.12,97.0,416.3
2024-10-06,AD005,Semester Exchange Program,Instagram,25–35 Age,177706,6076,1461,913,494,142058.98,1710667.68,Pan India,3.42,24.05,62.49,54.11,1104.2,97.23,287.57
2024-10-07,AD005,Semester Exchange Program,Instagram,25–35 Age,295188,8972,1635,877,449,209783.61,3330514.34,East India,3.04,18.22,53.64,51.2,1487.6,128.31,467.22
2024-10-08,AD005,Semester Exchange Program,Instagram,25–35 Age,142451,6326,1430,782,396,65523.4,2443483.47,North India,4.44,22.61,54.69,50.64,3629.18,45.82,165.46
2024-10-09,AD005,Semester Exchange Program,Instagram,22–27 Age,54463,3186,540,317,161,38378.96,865326.9,East India,5.85,16.95,58.7,50.79,2154.69,71.07,238.38
2024-10-10,AD005,Semester Exchange Program,Instagram,25–35 Age,139686,5412,1042,509,290,75836.12,1654751.42,East India,3.87,19.25,48.85,56.97,2082.01,72.78,261.5
2024-10-11,AD005,Semester Exchange Program,Instagram,25–35 Age,120409,4489,780,484,246,110563.17,1888857.04,East India,3.73,17.38,62.05,50.83,1608.4,141.75,449.44
2024-10-12,AD005,Semester Exchange Program,Instagram,17–21 Age,216016,10639,1987,1050,475,139364.0,1826451.72,South India,4.93,18.68,52.84,45.24,1210.56,70.14,293.4
2024-10-13,AD005,Semester Exchange Program,Instagram,17–21 Age,58912,4326,782,498,295,48216.62,1214180.74,South India,7.34,18.08,63.68,59.24,2418.18,61.66,163.45
2024-10-14,AD005,Semester Exchange Program,Instagram,22–27 Age,202717,6817,1069,693,358,116988.99,1522257.6,West India,3.36,15.68,64.83,51.66,1201.2,109.44,326.78
2024-10-15,AD005,Semester Exchange Program,Instagram,22–27 Age,251656,18834,3343,1918,1080,241798.27,7037867.27,South India,7.48,17.75,57.37,56.31,2810.64,72.33,223.89
2024-10-16,AD005,Semester Exchange Program,Instagram,17–21 Age,199622,6041,993,525,228,176721.83,988512.45,South India,3.03,16.44,52.87,43.43,459.36,177.97,775.1
2024-10-17,AD005,Semester Exchange Program,Instagram,25–35 Age,69381,3391,607,363,166,49757.02,578094.77,Pan India,4.89,17.9,59.8,45.73,1061.84,81.97,299.74
2024-10-18,AD005,Semester Exchange Program,Instagram,17–21 Age,287101,12759,2552,1493,878,208157.08,4202662.82,North India,4.44,20.0,58.5,58.81,1918.99,81.57,237.08
2024-10-19,AD005,Semester Exchange Program,Instagram,17–21 Age,184878,12850,2357,1514,788,119293.73,4620820.81,East India,6.95,18.34,64.23,52.05,3773.48,50.61,151.39
2024-10-20,AD005,Semester Exchange Program,Instagram,22–27 Age,92994,4254,1025,663,325,63509.98,1979290.65,West India,4.57,24.09,64.68,49.02,3016.5,61.96,195.42
2024-10-21,AD005,Semester Exchange Program,Instagram,25–35 Age,122794,7849,1907,1022,609,115044.95,2146534.46,East India,6.39,24.3,53.59,59.59,1765.82,60.33,188.91
2024-10-22,AD005,Semester Exchange Program,Instagram,17–21 Age,91570,6739,1285,721,353,79415.47,2003387.48,West India,7.36,19.07,56.11,48.96,2422.67,61.8,224.97
2024-10-23,AD005,Semester Exchange Program,Instagram,25–35 Age,136044,5700,1277,576,315,81289.85,1260959.52,West India,4.19,22.4,45.11,54.69,1451.19,63.66,258.06
2024-10-24,AD005,Semester Exchange Program,Instagram,22–27 Age,167984,5400,1206,563,278,99048.93,1366324.42,East India,3.21,22.33,46.68,49.38,1279.44,82.13,356.29
2024-10-25,AD005,Semester Exchange Program,Instagram,22–27 Age,95036,5272,948,435,238,52509.6,1552232.36,North India,5.55,17.98,45.89,54.71,2856.09,55.39,220.63
2024-10-26,AD005,Semester Exchange Program,Instagram,25–35 Age,59294,3218,771,376,216,51407.62,827192.52,West India,5.43,23.96,48.77,57.45,1509.09,66.68,238.0
2024-10-27,AD005,Semester Exchange Program,Instagram,22–27 Age,130677,9462,1831,969,562,89431.65,2487761.4,North India,7.24,19.35,52.92,58.0,2681.75,48.84,159.13
2024-10-28,AD005,Semester Exchange Program,Instagram,22–27 Age,97058,3274,651,375,190,45063.28,895881.61,Pan India,3.37,19.88,57.6,50.67,1888.05,69.22,237.18
2024-10-29,AD005,Semester Exchange Program,Instagram,17–21 Age,179478,6773,1044,667,270,91661.15,2080724.29,North India,3.77,15.41,63.89,40.48,2170.02,87.8,339.49
2024-10-30,AD005,Semester Exchange Program,Instagram,25–35 Age,281673,15379,3271,1753,1035,204309.98,3459761.8,South India,5.46,21.27,53.59,59.04,1593.39,62.46,197.4
2024-10-31,AD005,Semester Exchange Program,Instagram,25–35 Age,116450,6235,1558,824,360,65629.02,1949668.5,South India,5.35,24.99,52.89,43.69,2870.74,42.12,182.3
2024-11-01,AD005,Semester Exchange Program,Instagram,17–21 Age,225961,14171,3221,1819,993,168277.96,3222207.73,North India,6.27,22.73,56.47,54.59,1814.81,52.24,169.46
2024-11-02,AD005,Semester Exchange Program,Instagram,25–35 Age,106756,7681,1748,926,405,72448.35,1950812.15,Pan India,7.19,22.76,52.97,43.74,2592.69,41.45,178.88
2024-11-03,AD005,Semester Exchange Program,Instagram,17–21 Age,232832,9147,1633,749,397,193724.4,3007990.84,South India,3.93,17.85,45.87,53.0,1452.72,118.63,487.97
2024-11-04,AD005,Semester Exchange Program,Instagram,22–27 Age,283483,9399,2257,1289,646,152209.39,2606457.79,Pan India,3.32,24.01,57.11,50.12,1612.42,67.44,235.62
2024-11-05,AD005,Semester Exchange Program,Instagram,25–35 Age,239123,8684,1946,1221,722,204001.7,2714132.08,North India,3.63,22.41,62.74,59.13,1230.45,104.83,282.55
2024-11-06,AD005,Semester Exchange Program,Instagram,25–35 Age,276380,16064,2534,1232,551,170390.62,3092023.95,East India,5.81,15.77,48.62,44.72,1714.67,67.24,309.24
2024-11-07,AD005,Semester Exchange Program,Instagram,17–21 Age,270180,14454,3258,1917,990,268873.26,6443869.42,West India,5.35,22.54,58.84,51.64,2296.62,82.53,271.59
2024-11-08,AD005,Semester Exchange Program,Instagram,17–21 Age,286662,11043,1712,779,318,131184.55,1392508.14,East India,3.85,15.5,45.5,40.82,961.49,76.63,412.53
2024-11-09,AD005,Semester Exchange Program,Instagram,22–27 Age,181568,10036,2164,1043,557,105288.6,2943846.76,Pan India,5.53,21.56,48.2,53.4,2695.98,48.65,189.03
2024-11-10,AD005,Semester Exchange Program,Instagram,17–21 Age,55161,1674,327,182,93,27683.46,419254.85,North India,3.03,19.53,55.66,51.1,1414.46,84.66,297.67
2024-11-11,AD005,Semester Exchange Program,Instagram,25–35 Age,146332,7956,1417,687,389,145598.6,1883807.49,East India,5.44,17.81,48.48,56.62,1193.84,102.75,374.29
2024-11-12,AD005,Semester Exchange Program,Instagram,17–21 Age,283452,10161,2461,1357,599,241562.24,2333253.91,East India,3.58,24.22,55.14,44.14,865.9,98.16,403.28
2024-11-13,AD005,Semester Exchange Program,Instagram,17–21 Age,266279,21175,3231,1568,646,219965.47,2905813.4,East India,7.95,15.26,48.53,41.2,1221.03,68.08,340.5
2024-11-14,AD005,Semester Exchange Program,Instagram,25–35 Age,126096,4710,786,422,172,75860.32,757098.6,Pan India,3.74,16.69,53.69,40.76,898.02,96.51,441.05
2024-11-15,AD005,Semester Exchange Program,Instagram,22–27 Age,72191,4406,911,578,345,56628.01,1560935.41,West India,6.1,20.68,63.45,59.69,2656.47,62.16,164.14
2024-11-16,AD005,Semester Exchange Program,Instagram,25–35 Age,102772,7546,1445,670,401,91991.98,2282140.1,Pan India,7.34,19.15,46.37,59.85,2380.8,63.66,229.41
2024-11-17,AD005,Semester Exchange Program,Instagram,22–27 Age,110873,5990,1401,803,465,86112.93,2382488.17,Pan India,5.4,23.39,57.32,57.91,2666.7,61.47,185.19
2024-11-18,AD005,Semester Exchange Program,Instagram,17–21 Age,204362,14066,3141,1562,659,184747.29,3568654.0,South India,6.88,22.33,49.73,42.19,1831.64,58.82,280.34
2024-11-19,AD005,Semester Exchange Program,Instagram,17–21 Age,180572,12720,2814,1384,578,137201.61,3495163.5,West India,7.04,22.12,49.18,41.76,2447.47,48.76,237.37
2024-11-20,AD005,Semester Exchange Program,Instagram,25–35 Age,193929,13873,3062,1471,874,161155.16,6776185.69,West India,7.15,22.07,48.04,59.42,4104.76,52.63,184.39
2024-11-21,AD005,Semester Exchange Program,Instagram,25–35 Age,82283,2921,481,235,130,76726.47,415137.55,North India,3.55,16.47,48.86,55.32,441.06,159.51,590.2
2024-11-22,AD005,Semester Exchange Program,Instagram,25–35 Age,192091,11604,2347,1104,643,125058.01,4406790.35,West India,6.04,20.23,47.04,58.24,3423.8,53.28,194.49
2024-11-23,AD005,Semester Exchange Program,Instagram,25–35 Age,65161,2390,561,334,173,46009.7,825433.67,South India,3.67,23.47,59.54,51.8,1694.04,82.01,265.95
2024-11-24,AD005,Semester Exchange Program,Instagram,22–27 Age,273486,9563,1760,876,515,230126.27,3733798.06,Pan India,3.5,18.4,49.77,58.79,1522.5,130.75,446.85
2024-11-25,AD005,Semester Exchange Program,Instagram,22–27 Age,69058,3605,672,383,211,46789.73,1676078.02,South India,5.22,18.64,56.99,55.09,3482.15,69.63,221.75
2024-11-26,AD005,Semester Exchange Program,Instagram,22–27 Age,91853,6881,1240,672,277,44008.16,1877093.83,North India,7.49,18.02,54.19,41.22,4165.33,35.49,158.87
2024-11-27,AD005,Semester Exchange Program,Instagram,17–21 Age,90600,5028,1186,602,308,73545.38,1650695.41,East India,5.55,23.59,50.76,51.16,2144.46,62.01,238.78
2024-11-28,AD005,Semester Exchange Program,Instagram,22–27 Age,175761,5318,1233,657,374,116485.8,2032416.22,South India,3.03,23.19,53.28,56.93,1644.78,94.47,311.46
2024-11-29,AD005,Semester Exchange Program,Instagram,22–27 Age,255808,20215,4403,2084,1238,219725.73,5687975.93,West India,7.9,21.78,47.33,59.4,2488.67,49.9,177.48
2024-11-30,AD005,Semester Exchange Program,Instagram,22–27 Age,80454,5850,1090,544,298,70151.88,1542618.67,Pan India,7.27,18.63,49.91,54.78,2098.97,64.36,235.41
2024-12-01,AD005,Semester Exchange Program,Instagram,17–21 Age,197437,15661,3170,2036,967,126999.65,3380862.13,East India,7.93,20.24,64.23,47.5,2562.1,40.06,131.33
2024-12-02,AD005,Semester Exchange Program,Instagram,25–35 Age,89542,6519,1086,697,285,60866.25,1813988.18,East India,7.28,16.66,64.18,40.89,2880.29,56.05,213.57
2024-12-03,AD005,Semester Exchange Program,Instagram,17–21 Age,264827,17541,3210,1832,918,239779.4,4492737.47,North India,6.62,18.3,57.07,50.11,1773.7,74.7,261.2
2024-12-04,AD005,Semester Exchange Program,Instagram,25–35 Age,246484,15426,3748,2056,1100,197907.72,3733897.51,North India,6.26,24.3,54.86,53.5,1786.69,52.8,179.92
2024-12-05,AD005,Semester Exchange Program,Instagram,22–27 Age,166847,6747,1403,818,471,125046.51,1803264.94,Pan India,4.04,20.79,58.3,57.58,1342.08,89.13,265.49
2024-12-06,AD005,Semester Exchange Program,Instagram,17–21 Age,159764,8942,1411,644,294,90588.72,1354157.21,Pan India,5.6,15.78,45.64,45.65,1394.84,64.2,308.12
2024-12-07,AD005,Semester Exchange Program,Instagram,22–27 Age,102163,5048,1064,661,327,60848.34,2575367.84,West India,4.94,21.08,62.12,49.47,4132.44,57.19,186.08
2024-12-08,AD005,Semester Exchange Program,Instagram,25–35 Age,126853,7221,1286,797,398,50966.79,2508469.86,West India,5.69,17.81,61.98,49.94,4821.77,39.63,128.06
2024-12-09,AD005,Semester Exchange Program,Instagram,25–35 Age,220003,12964,2716,1272,714,149924.94,5270433.16,East India,5.89,20.95,46.83,56.13,3415.38,55.2,209.98
2024-12-10,AD005,Semester Exchange Program,Instagram,22–27 Age,201824,7307,1450,689,362,150905.55,1905071.16,Pan India,3.62,19.84,47.52,52.54,1162.43,104.07,416.87
2024-12-11,AD005,Semester Exchange Program,Instagram,17–21 Age,250260,19853,3492,1798,784,135506.91,2906425.19,West India,7.93,17.59,51.49,43.6,2044.85,38.8,172.84
2024-12-12,AD005,Semester Exchange Program,Instagram,25–35 Age,135664,4928,1186,699,396,57125.92,2556577.29,West India,3.63,24.07,58.94,56.65,4375.34,48.17,144.26
2024-12-13,AD005,Semester Exchange Program,Instagram,25–35 Age,160397,9855,1850,945,509,66687.61,2358767.81,Pan India,6.14,18.77,51.08,53.86,3437.04,36.05,131.02
2024-12-14,AD005,Semester Exchange Program,Instagram,22–27 Age,79723,3466,546,277,162,45007.68,714695.19,Pan India,4.35,15.75,50.73,58.48,1487.94,82.43,277.83
2024-12-15,AD005,Semester Exchange Program,Instagram,25–35 Age,152326,8620,2136,1366,558,144403.81,4066244.11,North India,5.66,24.78,63.95,40.85,2715.88,67.6,258.79
2024-12-16,AD005,Semester Exchange Program,Instagram,25–35 Age,215008,12718,3010,1775,928,185494.55,5966828.56,North India,5.92,23.67,58.97,52.28,3116.71,61.63,199.89
2024-12-17,AD005,Semester Exchange Program,Instagram,25–35 Age,226154,6787,1355,775,413,127284.48,3048285.96,East India,3.0,19.96,57.2,53.29,2294.86,93.94,308.19
2024-12-18,AD005,Semester Exchange Program,Instagram,17–21 Age,65380,3622,886,466,197,38280.77,618935.67,East India,5.54,24.46,52.6,42.27,1516.83,43.21,194.32
2024-12-19,AD005,Semester Exchange Program,Instagram,22–27 Age,64816,4503,783,385,198,36917.17,1292747.35,South India,6.95,17.39,49.17,51.43,3401.75,47.15,186.45
2024-12-20,AD005,Semester Exchange Program,Instagram,25–35 Age,129732,6744,1532,866,459,59861.08,3616448.38,North India,5.2,22.72,56.53,53.0,5941.4,39.07,130.42
2024-12-21,AD005,Semester Exchange Program,Instagram,25–35 Age,191010,6685,1113,682,386,84242.54,2143080.95,East India,3.5,16.65,61.28,56.6,2443.94,75.69,218.24
2024-12-22,AD005,Semester Exchange Program,Instagram,22–27 Age,68302,2222,383,243,139,55070.2,866752.39,West India,3.25,17.24,63.45,57.2,1473.9,143.79,396.19
2024-12-23,AD005,Semester Exchange Program,Instagram,22–27 Age,148429,6118,1413,782,344,93856.35,1316377.62,North India,4.12,23.1,55.34,43.99,1302.55,66.42,272.84
2024-12-24,AD005,Semester Exchange Program,Instagram,22–27 Age,130005,7572,1183,758,342,52249.34,2407660.84,South India,5.82,15.62,64.07,45.12,4508.02,44.17,152.78
2024-12-25,AD005,Semester Exchange Program,Instagram,25–35 Age,188671,14836,3690,2154,921,187239.3,5745146.2,West India,7.86,24.87,58.37,42.76,2968.34,50.74,203.3
2024-12-26,AD005,Semester Exchange Program,Instagram,22–27 Age,210372,8399,1694,973,468,119550.69,3244204.25,South India,3.99,20.17,57.44,48.1,2613.66,70.57,255.45
2024-12-27,AD005,Semester Exchange Program,Instagram,17–21 Age,242821,11287,2295,1202,698,99352.03,4449421.1,Pan India,4.65,20.33,52.37,58.07,4378.44,43.29,142.34
2024-12-28,AD005,Semester Exchange Program,Instagram,22–27 Age,203553,16070,3160,1749,804,85165.18,4136749.5,West India,7.89,19.66,55.35,45.97,4757.32,26.95,105.93
2024-12-29,AD005,Semester Exchange Program,Instagram,17–21 Age,76603,5356,1267,651,332,45529.69,1938587.1,West India,6.99,23.66,51.38,51.0,4157.85,35.94,137.14
2024-12-30,AD005,Semester Exchange Program,Instagram,22–27 Age,170097,6950,1199,740,397,123129.23,2422516.68,South India,4.09,17.25,61.72,53.65,1867.46,102.69,310.15
2024-12-31,AD005,Semester Exchange Program,Instagram,22–27 Age,131701,9179,1437,927,505,59393.39,3247013.45,Pan India,6.97,15.66,64.51,54.48,5366.96,41.33,117.61
2025-01-01,AD003,Placements,LinkedIn,22–27 Age,279530,19894,3599,2203,1218,273389.72,8583247.3,South India,7.12,18.09,61.21,55.29,3039.56,75.96,224.46
2025-01-02,AD003,Placements,LinkedIn,17–21 Age,107357,3850,660,404,170,64297.75,639111.06,West India,3.59,17.14,61.21,42.08,893.99,97.42,378.22
2025-01-03,AD003,Placements,LinkedIn,25–35 Age,234568,11507,2233,1415,677,228209.58,3116134.9,West India,4.91,19.41,63.37,47.84,1265.47,102.2,337.09
2025-01-04,AD003,Placements,LinkedIn,25–35 Age,118873,6602,1257,706,337,88250.44,1510928.16,West India,5.55,19.04,56.17,47.73,1612.09,70.21,261.87
2025-01-05,AD003,Placements,LinkedIn,22–27 Age,65935,3337,635,299,144,33688.76,618176.8,Pan India,5.06,19.03,47.09,48.16,1734.96,53.05,233.95
2025-01-06,AD003,Placements,LinkedIn,25–35 Age,98052,5653,1278,620,365,66527.79,2071736.22,East India,5.77,22.61,48.51,58.87,3014.09,52.06,182.27
2025-01-07,AD003,Placements,LinkedIn,22–27 Age,131378,7546,1518,715,293,83251.47,1142012.75,Pan India,5.74,20.12,47.1,40.98,1271.76,54.84,284.13
2025-01-08,AD003,Placements,LinkedIn,22–27 Age,262420,14446,3479,2040,966,119191.61,6335108.83,West India,5.5,24.08,58.64,47.35,5215.06,34.26,123.39
2025-01-09,AD003,Placements,LinkedIn,25–35 Age,153266,6717,1640,966,430,153149.87,2013145.18,Pan India,4.38,24.42,58.9,44.51,1214.49,93.38,356.16
2025-01-10,AD003,Placements,LinkedIn,22–27 Age,70209,2239,511,331,185,54632.02,1173022.89,South India,3.19,22.82,64.77,55.89,2047.13,106.91,295.31
2025-01-11,AD003,Placements,LinkedIn,22–27 Age,125823,6100,1244,598,263,78509.29,1955712.94,South India,4.85,20.39,48.07,43.98,2391.06,63.11,298.51
2025-01-12,AD003,Placements,LinkedIn,25–35 Age,203716,6420,1047,499,199,165278.22,840797.82,West India,3.15,16.31,47.66,39.88,408.72,157.86,830.54
2025-01-13,AD003,Placements,LinkedIn,22–27 Age,146482,4711,931,572,338,141930.1,2174371.93,North India,3.22,19.76,61.44,59.09,1432.0,152.45,419.91
2025-01-14,AD003,Placements,LinkedIn,22–27 Age,266480,8507,1449,740,346,179057.44,2625757.68,Pan India,3.19,17.03,51.07,46.76,1366.43,123.57,517.51
2025-01-15,AD003,Placements,LinkedIn,22–27 Age,119877,5157,853,489,196,55662.12,601879.73,East India,4.3,16.54,57.33,40.08,981.31,65.25,283.99
2025-01-16,AD003,Placements,LinkedIn,25–35 Age,258617,11130,2706,1265,634,220388.72,3969227.91,East India,4.3,24.31,46.75,50.12,1701.01,81.44,347.62
2025-01-17,AD003,Placements,LinkedIn,25–35 Age,286009,20719,3174,1988,1183,159981.23,5016566.76,North India,7.24,15.32,62.63,59.51,3035.72,50.4,135.23
2025-01-18,AD003,Placements,LinkedIn,22–27 Age,143217,6695,1166,607,327,67853.55,1547240.6,South India,4.67,17.42,52.06,53.87,2180.26,58.19,207.5
2025-01-19,AD003,Placements,LinkedIn,22–27 Age,72167,3593,602,351,197,70366.31,1134508.65,East India,4.98,16.75,58.31,56.13,1512.29,116.89,357.19
2025-01-20,AD003,Placements,LinkedIn,22–27 Age,239490,16490,2821,1500,857,231252.5,2591070.74,Pan India,6.89,17.11,53.17,57.13,1020.45,81.98,269.84
2025-01-21,AD003,Placements,LinkedIn,22–27 Age,114858,8995,2140,1042,585,109054.25,3742051.97,Pan India,7.83,23.79,48.69,56.14,3331.37,50.96,186.42
2025-01-22,AD003,Placements,LinkedIn,25–35 Age,287469,15650,3709,1899,784,253282.64,2874025.11,West India,5.44,23.7,51.2,41.28,1034.71,68.29,323.06
2025-01-23,AD003,Placements,LinkedIn,22–27 Age,160382,12822,2675,1467,670,98850.69,3011981.4,Pan India,7.99,20.86,54.84,45.67,2947.0,36.95,147.54
2025-01-24,AD003,Placements,LinkedIn,22–27 Age,87341,6016,1290,669,315,35138.72,2092169.31,East India,6.89,21.44,51.86,47.09,5854.03,27.24,111.55
2025-01-25,AD003,Placements,LinkedIn,22–27 Age,184938,6118,1450,865,478,132226.89,1439934.34,North India,3.31,23.7,59.66,55.26,988.99,91.19,276.63
2025-01-26,AD003,Placements,LinkedIn,22–27 Age,63670,3261,779,463,260,57921.04,1810450.96,North India,5.12,23.89,59.44,56.16,3025.72,74.35,222.77
2025-01-27,AD003,Placements,LinkedIn,17–21 Age,182711,13431,2341,1427,816,123017.03,5356819.38,North India,7.35,17.43,60.96,57.18,4254.53,52.55,150.76
2025-01-28,AD003,Placements,LinkedIn,17–21 Age,228212,18002,4371,2526,1404,140065.3,6510695.7,South India,7.89,24.28,57.79,55.58,4548.33,32.04,99.76
2025-01-29,AD003,Placements,LinkedIn,25–35 Age,258910,20306,3105,1415,615,196117.34,4520782.34,East India,7.84,15.29,45.57,43.46,2205.14,63.16,318.89
2025-01-30,AD003,Placements,LinkedIn,17–21 Age,90143,2803,540,314,175,40656.59,1007449.12,Pan India,3.11,19.27,58.15,55.73,2377.95,75.29,232.32
2025-01-31,AD003,Placements,LinkedIn,22–27 Age,85144,3382,587,296,155,42903.25,564840.05,Pan India,3.97,17.36,50.43,52.36,1216.54,73.09,276.8
2025-02-01,AD003,Placements,LinkedIn,25–35 Age,247492,18132,4384,2710,1613,189072.19,6367802.47,East India,7.33,24.18,61.82,59.52,3267.92,43.13,117.22
2025-02-02,AD003,Placements,LinkedIn,25–35 Age,131901,8460,1385,816,412,123943.03,2536624.06,East India,6.41,16.37,58.92,50.49,1946.6,89.49,300.83
2025-02-03,AD003,Placements,LinkedIn,25–35 Age,228466,8425,1286,782,385,169210.25,1194707.96,East India,3.69,15.26,60.81,49.23,606.05,131.58,439.51
2025-02-04,AD003,Placements,LinkedIn,17–21 Age,224736,14914,3722,2167,1264,217968.09,3957313.4,West India,6.64,24.96,58.22,58.33,1715.55,58.56,172.44
2025-02-05,AD003,Placements,LinkedIn,25–35 Age,169022,13204,3261,1590,892,147597.12,2727577.06,West India,7.81,24.7,48.76,56.1,1747.99,45.26,165.47
2025-02-06,AD003,Placements,LinkedIn,17–21 Age,171440,12089,2871,1782,734,118811.98,2681533.2,North India,7.05,23.75,62.07,41.19,2156.96,41.38,161.87
2025-02-07,AD003,Placements,LinkedIn,25–35 Age,157459,9897,2312,1209,650,142696.95,2825372.26,North India,6.29,23.36,52.29,53.76,1879.98,61.72,219.53
2025-02-08,AD003,Placements,LinkedIn,22–27 Age,65423,3275,709,417,179,31628.24,642830.89,Pan India,5.01,21.65,58.82,42.93,1932.46,44.61,176.69
2025-02-09,AD003,Placements,LinkedIn,25–35 Age,194699,6867,1321,634,310,138099.75,2251050.92,East India,3.53,19.24,47.99,48.9,1530.02,104.54,445.48
2025-02-10,AD003,Placements,LinkedIn,17–21 Age,258921,15451,3155,1580,846,123848.52,2990116.79,South India,5.97,20.42,50.08,53.54,2314.33,39.25,146.39
2025-02-11,AD003,Placements,LinkedIn,22–27 Age,127232,9034,1736,1112,517,111616.5,3367905.35,East India,7.1,19.22,64.06,46.49,2917.39,64.3,215.89
2025-02-12,AD003,Placements,LinkedIn,17–21 Age,183701,10838,1745,807,469,163799.75,2978652.97,Pan India,5.9,16.1,46.25,58.12,1718.47,93.87,349.25
2025-02-13,AD003,Placements,LinkedIn,17–21 Age,61637,4452,790,460,264,35763.23,1837127.99,South India,7.22,17.74,58.23,57.39,5036.92,45.27,135.47
2025-02-14,AD003,Placements,LinkedIn,17–21 Age,115475,6434,1594,911,456,55074.85,1536942.26,East India,5.57,24.77,57.15,50.05,2690.64,34.55,120.78
2025-02-15,AD003,Placements,LinkedIn,17–21 Age,242487,10557,1644,940,476,137455.2,2658068.14,North India,4.35,15.57,57.18,50.64,1833.77,83.61,288.77
2025-02-16,AD003,Placements,LinkedIn,25–35 Age,236585,7923,1495,848,467,129801.04,3083695.93,East India,3.35,18.87,56.72,55.07,2275.71,86.82,277.95
2025-02-17,AD003,Placements,LinkedIn,22–27 Age,109605,8284,1935,1132,663,61086.21,2830034.76,Pan India,7.56,23.36,58.5,58.57,4532.85,31.57,92.14
2025-02-18,AD003,Placements,LinkedIn,17–21 Age,59185,4390,1044,588,283,39767.6,1548093.27,North India,7.42,23.78,56.32,48.13,3792.85,38.09,140.52
2025-02-19,AD003,Placements,LinkedIn,17–21 Age,183593,5650,1015,541,288,78874.38,867564.82,Pan India,3.08,17.96,53.3,53.23,999.93,77.71,273.87
2025-02-20,AD003,Placements,LinkedIn,22–27 Age,115658,6141,1182,685,302,81667.73,2031836.19,South India,5.31,19.25,57.95,44.09,2387.93,69.09,270.42
2025-02-21,AD003,Placements,LinkedIn,25–35 Age,125536,6373,1242,763,414,81484.23,3091570.59,South India,5.08,19.49,61.43,54.26,3694.07,65.61,196.82
2025-02-22,AD003,Placements,LinkedIn,25–35 Age,279784,19574,4822,2939,1343,143229.35,6633392.34,North India,7.0,24.63,60.95,45.7,4531.31,29.7,106.65
2025-02-23,AD003,Placements,LinkedIn,22–27 Age,141610,8320,1667,1053,595,71547.48,4297339.82,South India,5.88,20.04,63.17,56.51,5906.28,42.92,120.25
2025-02-24,AD003,Placements,LinkedIn,25–35 Age,145064,7505,1364,661,346,74277.51,1181975.04,South India,5.17,18.17,48.46,52.34,1491.3,54.46,214.67
2025-02-25,AD003,Placements,LinkedIn,17–21 Age,298028,20642,4696,2781,1630,284889.28,11577295.93,East India,6.93,22.75,59.22,58.61,3963.79,60.67,174.78
2025-02-26,AD003,Placements,LinkedIn,22–27 Age,82925,5003,1088,544,317,49214.3,2410736.98,East India,6.03,21.75,50.0,58.27,4798.45,45.23,155.25
2025-02-27,AD003,Placements,LinkedIn,22–27 Age,113983,4651,940,445,184,79830.66,692151.2,North India,4.08,20.21,47.34,41.35,767.02,84.93,433.86
2025-02-28,AD003,Placements,LinkedIn,25–35 Age,103093,3235,665,347,181,70779.6,1258576.42,North India,3.14,20.56,52.18,52.16,1678.16,106.44,391.05
2025-03-01,AD003,Placements,LinkedIn,17–21 Age,53653,2463,459,282,149,37104.88,1030118.97,East India,4.59,18.64,61.44,52.84,2676.24,80.84,249.03
2025-03-02,AD003,Placements,LinkedIn,17–21 Age,231442,13709,2805,1555,749,207424.01,4028445.09,West India,5.92,20.46,55.44,48.17,1842.13,73.95,276.93
2025-03-03,AD003,Placements,LinkedIn,25–35 Age,134246,8250,1329,727,429,78289.58,2346719.0,West India,6.15,16.11,54.7,59.01,2897.49,58.91,182.49
2025-03-04,AD003,Placements,LinkedIn,17–21 Age,131176,5409,1273,750,449,67190.07,3326521.1,South India,4.12,23.53,58.92,59.87,4850.91,52.78,149.64
2025-03-05,AD003,Placements,LinkedIn,25–35 Age,75507,4191,800,373,220,68079.25,1653602.64,South India,5.55,19.09,46.62,58.98,2328.94,85.1,309.45
2025-03-06,AD003,Placements,LinkedIn,22–27 Age,188977,11714,2647,1690,798,113365.21,5029867.79,East India,6.2,22.6,63.85,47.22,4336.87,42.83,142.06
2025-03-07,AD003,Placements,LinkedIn,22–27 Age,252677,9888,1997,964,578,105630.8,3700568.66,North India,3.91,20.2,48.27,59.96,3403.3,52.89,182.75
2025-03-08,AD003,Placements,LinkedIn,17–21 Age,146366,8269,1633,979,429,108116.05,2625145.22,East India,5.65,19.75,59.95,43.82,2328.08,66.21,252.02
2025-03-09,AD003,Placements,LinkedIn,25–35 Age,134757,6182,1265,682,294,74426.89,1368570.59,West India,4.59,20.46,53.91,43.11,1738.81,58.84,253.15
2025-03-10,AD003,Placements,LinkedIn,22–27 Age,258417,18909,4020,2269,1059,140621.96,7367765.46,North India,7.32,21.26,56.44,46.67,5139.41,34.98,132.79
2025-03-11,AD003,Placements,LinkedIn,22–27 Age,209874,11904,2886,1634,908,156283.1,4945752.52,Pan India,5.67,24.24,56.62,55.57,3064.61,54.15,172.12
2025-03-12,AD003,Placements,LinkedIn,17–21 Age,142999,4752,762,444,200,92318.66,795253.41,Pan India,3.32,16.04,58.27,45.05,761.42,121.15,461.59
2025-03-13,AD003,Placements,LinkedIn,17–21 Age,250958,19914,4316,2505,1303,101670.82,4200194.37,Pan India,7.94,21.67,58.04,52.02,4031.17,23.56,78.03
2025-03-14,AD003,Placements,LinkedIn,22–27 Age,286615,14860,3405,1582,809,174370.56,6056441.37,North India,5.18,22.91,46.46,51.14,3373.32,51.21,215.54
2025-03-15,AD003,Placements,LinkedIn,17–21 Age,184520,9112,2248,1022,476,93561.23,2941652.56,North India,4.94,24.67,45.46,46.58,3044.09,41.62,196.56
2025-03-16,AD003,Placements,LinkedIn,22–27 Age,143329,8242,2029,1135,533,135105.23,2328047.63,Pan India,5.75,24.62,55.94,46.96,1623.14,66.59,253.48
2025-03-17,AD003,Placements,LinkedIn,17–21 Age,265195,10327,2049,1182,589,179628.87,4703747.8,South India,3.89,19.84,57.69,49.83,2518.59,87.67,304.97
2025-03-18,AD003,Placements,LinkedIn,17–21 Age,122661,9777,2435,1113,594,87088.41,4550062.67,South India,7.97,24.91,45.71,53.37,5124.65,35.77,146.61
2025-03-19,AD003,Placements,LinkedIn,25–35 Age,256063,19097,2939,1547,914,201254.06,5172875.5,East India,7.46,15.39,52.64,59.08,2470.32,68.48,220.19
2025-03-20,AD003,Placements,LinkedIn,22–27 Age,107546,4153,907,465,194,97757.51,602706.81,West India,3.86,21.84,51.27,41.72,516.53,107.78,503.9
2025-03-21,AD003,Placements,LinkedIn,25–35 Age,171811,7500,1283,812,351,97292.61,2485360.11,Pan India,4.37,17.11,63.29,43.23,2454.52,75.83,277.19
2025-03-22,AD003,Placements,LinkedIn,25–35 Age,299755,10495,1933,948,547,136254.79,3682668.74,East India,3.5,18.42,49.04,57.7,2602.78,70.49,249.09
2025-03-23,AD003,Placements,LinkedIn,25–35 Age,196757,9869,2126,1008,595,188439.06,4032011.13,North India,5.02,21.54,47.41,59.03,2039.69,88.64,316.7
2025-03-24,AD003,Placements,LinkedIn,22–27 Age,99084,7882,1585,875,446,56260.32,3403228.57,Pan India,7.95,20.11,55.21,50.97,5949.07,35.5,126.14
2025-03-25,AD003,Placements,LinkedIn,22–27 Age,151038,4667,856,417,238,81008.29,1443400.51,Pan India,3.09,18.34,48.71,57.07,1681.79,94.64,340.37
2025-03-26,AD003,Placements,LinkedIn,22–27 Age,261569,10863,2582,1521,869,245885.34,3687397.28,Pan India,4.15,23.77,58.91,57.13,1399.64,95.23,282.95
2025-03-27,AD003,Placements,LinkedIn,22–27 Age,242681,16801,3043,1834,1029,237908.01,7686272.07,Pan India,6.92,18.11,60.27,56.11,3130.77,78.18,231.2
2025-03-28,AD003,Placements,LinkedIn,17–21 Age,141344,6626,1362,827,451,134141.85,1833931.99,South India,4.69,20.56,60.72,54.53,1267.16,98.49,297.43
2025-03-29,AD003,Placements,LinkedIn,22–27 Age,229820,11047,2019,1120,565,204934.93,2057874.91,East India,4.81,18.28,55.47,50.45,904.16,101.5,362.72
2025-03-30,AD003,Placements,LinkedIn,25–35 Age,67576,2896,633,348,156,59665.14,761451.63,North India,4.29,21.86,54.98,44.83,1176.21,94.26,382.47
2025-03-31,AD003,Placements,LinkedIn,22–27 Age,203412,13404,3282,1607,645,201828.55,2389203.56,North India,6.59,24.49,48.96,40.14,1083.78,61.5,312.91
2025-04-01,AD003,Placements,LinkedIn,22–27 Age,188004,6449,1209,590,328,130079.38,1460235.88,West India,3.43,18.75,48.8,55.59,1022.57,107.59,396.58
2025-04-02,AD003,Placements,LinkedIn,22–27 Age,126338,5512,1277,670,387,68197.68,1772957.17,Pan India,4.36,23.17,52.47,57.76,2499.73,53.4,176.22
2025-04-03,AD003,Placements,LinkedIn,22–27 Age,183191,6099,1415,770,397,74337.41,1467961.39,North India,3.33,23.2,54.42,51.56,1874.73,52.54,187.25
2025-04-04,AD003,Placements,LinkedIn,22–27 Age,84849,3217,556,340,176,58482.3,1379402.49,Pan India,3.79,17.28,61.15,51.76,2258.67,105.18,332.29
2025-04-05,AD003,Placements,LinkedIn,25–35 Age,197504,8509,1516,789,455,104867.15,3305228.65,Pan India,4.31,17.82,52.04,57.67,3051.82,69.17,230.48
2025-04-06,AD003,Placements,LinkedIn,25–35 Age,69154,4707,1042,628,284,35916.58,1254290.1,West India,6.81,22.14,60.27,45.22,3392.23,34.47,126.47
2025-04-07,AD003,Placements,LinkedIn,22–27 Age,289761,22640,4750,2972,1259,178162.37,4800373.55,Pan India,7.81,20.98,62.57,42.36,2594.38,37.51,141.51
2025-04-08,AD003,Placements,LinkedIn,22–27 Age,110803,4456,876,468,219,101061.77,951963.17,North India,4.02,19.66,53.42,46.79,841.96,115.37,461.47
2025-04-09,AD003,Placements,LinkedIn,22–27 Age,239425,15902,2926,1870,851,148342.78,5872468.48,North India,6.64,18.4,63.91,45.51,3858.72,50.7,174.32
2025-04-10,AD003,Placements,LinkedIn,17–21 Age,70240,5540,925,577,307,40196.1,1662472.27,South India,7.89,16.7,62.38,53.21,4035.9,43.46,130.93
2025-04-11,AD003,Placements,LinkedIn,25–35 Age,138678,6834,1173,590,294,98499.51,1157268.05,East India,4.93,17.16,50.3,49.83,1074.9,83.97,335.03
2025-04-12,AD003,Placements,LinkedIn,22–27 Age,263247,19300,3627,2251,1126,214028.74,8518494.32,West India,7.33,18.79,62.06,50.02,3880.07,59.01,190.08
2025-04-13,AD003,Placements,LinkedIn,17–21 Age,171458,10003,1964,1248,648,93164.51,4778046.81,East India,5.83,19.63,63.54,51.92,5028.61,47.44,143.77
2025-04-14,AD003,Placements,LinkedIn,22–27 Age,172696,13622,2087,1215,682,172286.34,4380214.3,North India,7.89,15.32,58.22,56.13,2442.4,82.55,252.62
2025-04-15,AD003,Placements,LinkedIn,17–21 Age,254916,18774,2891,1575,935,166572.55,5819811.44,Pan India,7.36,15.4,54.48,59.37,3393.86,57.62,178.15
2025-04-16,AD003,Placements,LinkedIn,17–21 Age,297311,12824,2266,1065,566,177196.19,4455320.86,South India,4.31,17.67,47.0,53.15,2414.34,78.2,313.07
2025-04-17,AD003,Placements,LinkedIn,22–27 Age,187876,14537,3326,1964,1057,100656.39,4478372.76,Pan India,7.74,22.88,59.05,53.82,4349.17,30.26,95.23
2025-04-18,AD003,Placements,LinkedIn,17–21 Age,286470,17503,2821,1744,734,214086.95,2364928.66,South India,6.11,16.12,61.82,42.09,1004.66,75.89,291.67
2025-04-19,AD003,Placements,LinkedIn,22–27 Age,162404,11970,2624,1217,633,107823.72,4731468.72,Pan India,7.37,21.92,46.38,52.01,4288.15,41.09,170.34
2025-04-20,AD003,Placements,LinkedIn,25–35 Age,70773,2354,502,320,137,37944.95,641296.64,South India,3.33,21.33,63.75,42.81,1590.07,75.59,276.97
2025-04-21,AD003,Placements,LinkedIn,25–35 Age,92159,7283,1706,985,420,83018.34,3155986.73,West India,7.9,23.42,57.74,42.64,3701.55,48.66,197.66
2025-04-22,AD003,Placements,LinkedIn,17–21 Age,214210,12044,2322,1116,510,92410.0,4047072.48,East India,5.62,19.28,48.06,45.7,4279.47,39.8,181.2
2025-04-23,AD003,Placements,LinkedIn,17–21 Age,89597,3957,914,497,220,56902.12,917613.33,East India,4.42,23.1,54.38,44.27,1512.62,62.26,258.65
2025-04-24,AD003,Placements,LinkedIn,22–27 Age,219815,15931,2530,1544,888,106057.04,6164863.67,Pan India,7.25,15.88,61.03,57.51,5712.78,41.92,119.43
2025-04-25,AD003,Placements,LinkedIn,17–21 Age,155800,6865,1272,765,363,69361.47,1831892.26,East India,4.41,18.53,60.14,47.45,2541.08,54.53,191.08
2025-04-26,AD003,Placements,LinkedIn,25–35 Age,78865,2545,595,378,152,70156.08,1136108.87,Pan India,3.23,23.38,63.53,40.21,1519.4,117.91,461.55
2025-04-27,AD003,Placements,LinkedIn,25–35 Age,106441,7731,1827,1072,449,93059.67,1626663.82,Pan India,7.26,23.63,58.68,41.88,1647.98,50.94,207.26
2025-04-28,AD003,Placements,LinkedIn,22–27 Age,108582,6075,1445,861,472,61991.73,2863429.47,South India,5.59,23.79,59.58,54.82,4519.05,42.9,131.34
2025-04-29,AD003,Placements,LinkedIn,22–27 Age,203313,15538,2353,1144,655,145045.48,4987053.71,West India,7.64,15.14,48.62,57.26,3338.27,61.64,221.44
2025-04-30,AD003,Placements,LinkedIn,25–35 Age,220384,8142,1402,907,369,152034.62,2102559.65,Pan India,3.69,17.22,64.69,40.68,1282.95,108.44,412.02
2025-05-01,AD002,MBA Admission,Facebook,21–35 Age,240139,11309,1987,1165,696,180456.12,4208817.85,Pan India,4.71,17.57,58.63,59.74,2232.32,90.82,259.28
2025-05-01,AD003,Placements,LinkedIn,22–27 Age,289903,22942,4003,2536,1136,276281.53,6468438.06,East India,7.91,17.45,63.35,44.79,2241.25,69.02,243.21
2025-05-02,AD002,MBA Admission,Facebook,21–35 Age,145953,6934,1681,974,435,80170.2,2531628.96,West India,4.75,24.24,57.94,44.66,3057.82,47.69,184.3
2025-05-02,AD003,Placements,LinkedIn,17–21 Age,224774,8087,1510,927,437,144246.98,2806122.06,Pan India,3.6,18.67,61.39,47.14,1845.36,95.53,330.08
2025-05-03,AD002,MBA Admission,Facebook,21–35 Age,125764,4601,978,630,302,67771.58,2349380.39,North India,3.66,21.26,64.42,47.94,3366.62,69.3,224.41
2025-05-03,AD003,Placements,LinkedIn,22–27 Age,283215,9156,1720,956,382,274488.3,1491751.11,East India,3.23,18.79,55.58,39.96,443.47,159.59,718.56
2025-05-04,AD002,MBA Admission,Facebook,21–35 Age,254360,11109,2734,1480,668,226644.84,2792259.85,North India,4.37,24.61,54.13,45.14,1132.0,82.9,339.29
2025-05-04,AD003,Placements,LinkedIn,25–35 Age,67770,4813,744,355,155,62523.21,1032514.49,South India,7.1,15.46,47.72,43.66,1551.41,84.04,403.38
2025-05-05,AD002,MBA Admission,Facebook,21–35 Age,208578,12706,2381,1311,655,116823.1,2987311.77,West India,6.09,18.74,55.06,49.96,2457.12,49.06,178.36
2025-05-05,AD003,Placements,LinkedIn,22–27 Age,104892,8197,1255,616,347,51518.58,2149275.48,East India,7.81,15.31,49.08,56.33,4071.85,41.05,148.47
2025-05-06,AD002,MBA Admission,Facebook,21–35 Age,174201,12488,2889,1838,796,133968.34,4993434.23,West India,7.17,23.13,63.62,43.31,3627.32,46.37,168.3
2025-05-06,AD003,Placements,LinkedIn,22–27 Age,204932,9551,2028,1175,688,119604.48,2530463.62,South India,4.66,21.23,57.94,58.55,2015.69,58.98,173.84
2025-05-07,AD002,MBA Admission,Facebook,21–35 Age,281251,18428,4606,2913,1585,223349.7,7253636.47,Pan India,6.55,24.99,63.24,54.41,3147.66,48.49,140.91
2025-05-07,AD003,Placements,LinkedIn,22–27 Age,126647,7408,1738,883,464,97271.17,1785615.46,Pan India,5.85,23.46,50.81,52.55,1735.71,55.97,209.64
2025-05-08,AD002,MBA Admission,Facebook,21–35 Age,97979,3175,583,301,168,58564.33,529563.73,East India,3.24,18.36,51.63,55.81,804.24,100.45,348.6
2025-05-08,AD003,Placements,LinkedIn,25–35 Age,154994,5796,1347,863,431,121038.69,2196417.22,South India,3.74,23.24,64.07,49.94,1714.64,89.86,280.83
2025-05-09,AD002,MBA Admission,Facebook,21–35 Age,258980,19662,3598,1763,758,228071.85,4909073.61,North India,7.59,18.3,49.0,42.99,2052.42,63.39,300.89
2025-05-09,AD003,Placements,LinkedIn,22–27 Age,108431,6177,1134,595,240,100523.61,897404.11,East India,5.7,18.36,52.47,40.34,792.73,88.65,418.85
2025-05-10,AD002,MBA Admission,Facebook,21–35 Age,51259,3592,541,312,131,24423.78,722680.3,Pan India,7.01,15.06,57.67,41.99,2858.92,45.15,186.44
2025-05-10,AD003,Placements,LinkedIn,22–27 Age,128908,5068,994,535,273,101891.88,1320648.36,Pan India,3.93,19.61,53.82,51.03,1196.13,102.51,373.23
2025-05-11,AD002,MBA Admission,Facebook,21–35 Age,107884,5598,1238,596,240,51643.69,862353.37,South India,5.19,22.12,48.14,40.27,1569.81,41.72,215.18
2025-05-11,AD003,Placements,LinkedIn,22–27 Age,281759,18036,3182,2035,1042,149263.62,7035403.19,Pan India,6.4,17.64,63.95,51.2,4613.41,46.91,143.25
2025-05-12,AD002,MBA Admission,Facebook,21–35 Age,109219,6309,1002,621,302,80141.73,1535750.35,Pan India,5.78,15.88,61.98,48.63,1816.29,79.98,265.37
2025-05-12,AD003,Placements,LinkedIn,17–21 Age,56655,3075,664,314,152,22689.88,1129547.78,Pan India,5.43,21.59,47.29,48.41,4878.2,34.17,149.28
2025-05-13,AD002,MBA Admission,Facebook,21–35 Age,127468,5926,1247,622,336,101926.37,1859496.88,North India,4.65,21.04,49.88,54.02,1724.35,81.74,303.35
2025-05-13,AD003,Placements,LinkedIn,22–27 Age,263989,20499,4960,3112,1581,241710.75,10422582.66,East India,7.77,24.2,62.74,50.8,4212.01,48.73,152.88
2025-05-14,AD002,MBA Admission,Facebook,21–35 Age,216556,14437,2858,1623,754,187567.69,2602263.33,North India,6.67,19.8,56.79,46.46,1287.37,65.63,248.76
2025-05-14,AD003,Placements,LinkedIn,25–35 Age,176419,6312,1409,877,517,156086.32,3922073.17,North India,3.58,22.32,62.24,58.95,2412.76,110.78,301.91
2025-05-15,AD002,MBA Admission,Facebook,21–35 Age,104288,4814,768,360,179,86527.19,937902.93,West India,4.62,15.95,46.88,49.72,983.94,112.67,483.39
2025-05-15,AD003,Placements,LinkedIn,25–35 Age,246319,18568,2933,1874,956,223803.59,5348861.97,Pan India,7.54,15.8,63.89,51.01,2289.98,76.31,234.1
2025-05-16,AD002,MBA Admission,Facebook,21–35 Age,272620,19195,3980,1800,723,190013.67,4634332.36,East India,7.04,20.73,45.23,40.17,2338.95,47.74,262.81
2025-05-16,AD003,Placements,LinkedIn,17–21 Age,135416,9754,1804,831,444,111777.17,2526118.07,West India,7.2,18.49,46.06,53.43,2159.96,61.96,251.75
2025-05-17,AD002,MBA Admission,Facebook,21–35 Age,205846,16047,2839,1461,602,109111.63,3266642.53,Pan India,7.8,17.69,51.46,41.2,2893.85,38.43,181.25
2025-05-17,AD003,Placements,LinkedIn,17–21 Age,277369,9937,2473,1558,780,197982.71,4085031.86,West India,3.58,24.89,63.0,50.06,1963.33,80.06,253.82
2025-05-18,AD002,MBA Admission,Facebook,21–35 Age,73028,3043,537,345,157,45541.08,698667.79,North India,4.17,17.65,64.25,45.51,1434.15,84.81,290.07
2025-05-18,AD003,Placements,LinkedIn,17–21 Age,154431,8758,1526,770,401,67378.69,3182834.15,South India,5.67,17.42,50.46,52.08,4623.8,44.15,168.03
2025-05-19,AD002,MBA Admission,Facebook,21–35 Age,129271,8596,1731,909,413,61223.52,3212616.4,East India,6.65,20.14,52.51,45.43,5147.36,35.37,148.24
2025-05-19,AD003,Placements,LinkedIn,25–35 Age,294707,9304,1777,925,464,171711.35,1435655.76,Pan India,3.16,19.1,52.05,50.16,736.09,96.63,370.07
2025-05-20,AD002,MBA Admission,Facebook,21–35 Age,163842,7426,1233,778,374,74194.66,2531863.85,North India,4.53,16.6,63.1,48.07,3312.46,60.17,198.38
2025-05-20,AD003,Placements,LinkedIn,25–35 Age,170906,10548,1817,1173,608,123281.41,2911291.7,Pan India,6.17,17.23,64.56,51.83,2261.5,67.85,202.77
2025-05-21,AD002,MBA Admission,Facebook,21–35 Age,61054,3895,951,543,240,25073.99,1266941.77,Pan India,6.38,24.42,57.1,44.2,4952.81,26.37,104.47
2025-05-21,AD003,Placements,LinkedIn,22–27 Age,121352,4064,696,357,180,54958.71,941034.3,South India,3.35,17.13,51.29,50.42,1612.26,78.96,305.33
2025-05-22,AD002,MBA Admission,Facebook,21–35 Age,109881,4764,991,450,232,99134.91,1580447.82,North India,4.34,20.8,45.41,51.56,1494.24,100.04,427.31
2025-05-22,AD003,Placements,LinkedIn,17–21 Age,228338,16682,2885,1390,593,202855.34,4698879.46,Pan India,7.31,17.29,48.18,42.66,2216.37,70.31,342.08
2025-05-23,AD002,MBA Admission,Facebook,21–35 Age,138950,8247,1433,743,371,87585.26,2275198.26,East India,5.94,17.38,51.85,49.93,2497.7,61.12,236.08
2025-05-23,AD003,Placements,LinkedIn,25–35 Age,81571,6335,1288,609,288,69379.64,1003969.21,North India,7.77,20.33,47.28,47.29,1347.07,53.87,240.9
2025-05-24,AD002,MBA Admission,Facebook,21–35 Age,261935,11611,1967,1027,604,209519.18,3096991.33,North India,4.43,16.94,52.21,58.81,1378.14,106.52,346.89
2025-05-24,AD003,Placements,LinkedIn,22–27 Age,107849,6825,1489,749,394,81201.03,1255931.71,Pan India,6.33,21.82,50.3,52.6,1446.69,54.53,206.09
2025-05-25,AD002,MBA Admission,Facebook,21–35 Age,199889,7676,1181,628,295,160449.25,1422894.37,East India,3.84,15.39,53.18,46.97,786.82,135.86,543.9
2025-05-25,AD003,Placements,LinkedIn,17–21 Age,221701,9472,2148,1063,587,167627.5,3363822.07,North India,4.27,22.68,49.49,55.22,1906.72,78.04,285.57
2025-05-26,AD002,MBA Admission,Facebook,21–35 Age,95432,7312,1525,799,461,75781.68,2142553.82,Pan India,7.66,20.86,52.39,57.7,2727.27,49.69,164.39
2025-05-26,AD003,Placements,LinkedIn,25–35 Age,258060,19102,4745,2505,1316,149089.16,8726521.35,Pan India,7.4,24.84,52.79,52.53,5753.22,31.42,113.29
2025-05-27,AD002,MBA Admission,Facebook,21–35 Age,161958,8826,1937,906,520,70025.64,3944515.61,North India,5.45,21.95,46.77,57.4,5532.96,36.15,134.66
2025-05-27,AD003,Placements,LinkedIn,22–27 Age,298878,16202,3092,1903,1055,156885.58,7149953.98,West India,5.42,19.08,61.55,55.44,4457.43,50.74,148.71
2025-05-28,AD002,MBA Admission,Facebook,21–35 Age,107903,3524,729,457,206,103430.57,1353200.37,West India,3.27,20.69,62.69,45.08,1208.32,141.88,502.09
2025-05-28,AD003,Placements,LinkedIn,22–27 Age,173020,10599,1880,1217,720,77910.38,3240631.4,North India,6.13,17.74,64.73,59.16,4059.43,41.44,108.21
2025-05-29,AD002,MBA Admission,Facebook,21–35 Age,208326,16547,2535,1311,579,128714.62,2105892.51,West India,7.94,15.32,51.72,44.16,1536.09,50.77,222.31
2025-05-29,AD003,Placements,LinkedIn,17–21 Age,254367,11373,2455,1286,523,144783.34,3534997.28,Pan India,4.47,21.59,52.38,40.67,2341.58,58.97,276.83
2025-05-30,AD002,MBA Admission,Facebook,21–35 Age,221642,16515,3805,2059,1044,213043.67,5794495.52,East India,7.45,23.04,54.11,50.7,2619.86,55.99,204.06
2025-05-30,AD003,Placements,LinkedIn,22–27 Age,171248,12218,1850,1118,623,161173.5,4380151.08,West India,7.13,15.14,60.43,55.72,2617.66,87.12,258.71
2025-05-31,AD002,MBA Admission,Facebook,21–35 Age,172441,10888,1929,985,439,111414.3,2807015.16,Pan India,6.31,17.72,51.06,44.57,2419.44,57.76,253.79
2025-05-31,AD003,Placements,LinkedIn,22–27 Age,79898,3387,708,348,144,46053.63,664446.17,North India,4.24,20.9,49.15,41.38,1342.77,65.05,319.82
2025-06-01,AD002,MBA Admission,Facebook,21–35 Age,179655,5969,1158,725,292,107637.78,1673092.65,East India,3.32,19.4,62.61,40.28,1454.37,92.95,368.62
2025-06-02,AD002,MBA Admission,Facebook,21–35 Age,112007,7687,1249,590,333,69690.34,1849660.24,Pan India,6.86,16.25,47.24,56.44,2554.11,55.8,209.28
2025-06-03,AD002,MBA Admission,Facebook,21–35 Age,77080,2952,558,255,145,53641.08,668676.1,East India,3.83,18.9,45.7,56.86,1146.57,96.13,369.94
2025-06-04,AD002,MBA Admission,Facebook,21–35 Age,247271,13740,2356,1075,541,224942.73,3479855.38,Pan India,5.56,17.15,45.63,50.33,1447.0,95.48,415.79
2025-06-05,AD002,MBA Admission,Facebook,21–35 Age,228774,15253,3595,2264,989,192239.45,3767177.71,West India,6.67,23.57,62.98,43.68,1859.63,53.47,194.38
2025-06-06,AD002,MBA Admission,Facebook,21–35 Age,140336,10973,2525,1411,738,101941.71,3405726.7,West India,7.82,23.01,55.88,52.3,3240.86,40.37,138.13
2025-06-07,AD002,MBA Admission,Facebook,21–35 Age,255443,9636,2306,1082,528,108919.31,1641515.54,South India,3.77,23.93,46.92,48.8,1407.09,47.23,206.29
2025-06-08,AD002,MBA Admission,Facebook,21–35 Age,153084,4907,999,538,307,97654.25,1586488.03,North India,3.21,20.36,53.85,57.06,1524.6,97.75,318.09
2025-06-09,AD002,MBA Admission,Facebook,21–35 Age,114699,4802,801,375,175,79599.73,1126490.56,South India,4.19,16.68,46.82,46.67,1315.19,99.38,454.86
2025-06-10,AD002,MBA Admission,Facebook,21–35 Age,228607,11316,2761,1577,831,199079.5,5513047.86,West India,4.95,24.4,57.12,52.69,2669.27,72.1,239.57
2025-06-11,AD002,MBA Admission,Facebook,21–35 Age,115246,7658,1593,756,338,111946.04,2482396.52,South India,6.64,20.8,47.46,44.71,2117.49,70.27,331.2
2025-06-12,AD002,MBA Admission,Facebook,21–35 Age,265508,9396,1593,898,489,184408.86,2219084.95,West India,3.54,16.95,56.37,54.45,1103.35,115.76,377.11
2025-06-13,AD002,MBA Admission,Facebook,21–35 Age,52092,2486,570,350,191,35363.69,1423038.59,South India,4.77,22.93,61.4,54.57,3924.01,62.04,185.15
2025-06-14,AD002,MBA Admission,Facebook,21–35 Age,287149,12655,2180,1116,601,241881.98,4227409.95,East India,4.41,17.23,51.19,53.85,1647.72,110.96,402.47
2025-06-15,AD002,MBA Admission,Facebook,21–35 Age,149833,7012,1494,738,297,131425.41,1614620.18,West India,4.68,21.31,49.4,40.24,1128.54,87.97,442.51
2025-06-16,AD002,MBA Admission,Facebook,21–35 Age,255927,12698,2565,1291,774,163441.21,4081467.0,West India,4.96,20.2,50.33,59.95,2397.21,63.72,211.16
2025-06-17,AD002,MBA Admission,Facebook,21–35 Age,234335,11764,1932,992,435,164277.08,1544374.71,East India,5.02,16.42,51.35,43.85,840.1,85.03,377.65
2025-06-18,AD002,MBA Admission,Facebook,21–35 Age,146202,11655,2425,1140,460,79710.71,2166582.31,North India,7.97,20.81,47.01,40.35,2618.06,32.87,173.28
2025-06-19,AD002,MBA Admission,Facebook,21–35 Age,169807,5900,1002,543,271,167493.6,1293759.11,West India,3.47,16.98,54.19,49.91,672.42,167.16,618.06
2025-06-20,AD002,MBA Admission,Facebook,21–35 Age,51060,2259,559,276,121,41121.18,556625.17,Pan India,4.42,24.75,49.37,43.84,1253.62,73.56,339.84
2025-06-21,AD002,MBA Admission,Facebook,21–35 Age,299910,23654,5219,2461,1471,147276.92,7040894.91,East India,7.89,22.06,47.15,59.77,4680.72,28.22,100.12
2025-06-22,AD002,MBA Admission,Facebook,21–35 Age,118757,6909,1251,711,363,97100.84,2733839.18,East India,5.82,18.11,56.83,51.05,2715.46,77.62,267.5
2025-06-23,AD002,MBA Admission,Facebook,21–35 Age,215965,16744,3264,1645,772,138966.8,3706914.65,Pan India,7.75,19.49,50.4,46.93,2567.48,42.58,180.01
2025-06-24,AD002,MBA Admission,Facebook,21–35 Age,251296,15390,3332,1741,721,235593.68,5070650.21,Pan India,6.12,21.65,52.25,41.41,2052.29,70.71,326.76
2025-06-25,AD002,MBA Admission,Facebook,21–35 Age,58479,3449,525,332,138,36555.38,944561.57,Pan India,5.9,15.22,63.24,41.57,2483.92,69.63,264.89
2025-06-26,AD002,MBA Admission,Facebook,21–35 Age,89905,4837,875,550,241,51333.26,1062504.38,Pan India,5.38,18.09,62.86,43.82,1969.82,58.67,213.0
2025-06-27,AD002,MBA Admission,Facebook,21–35 Age,92090,5092,879,474,260,84474.07,1445950.1,Pan India,5.53,17.26,53.92,54.85,1611.71,96.1,324.9
2025-06-28,AD002,MBA Admission,Facebook,21–35 Age,118966,6945,1680,1063,602,86687.2,1924916.2,North India,5.84,24.19,63.27,56.63,2120.53,51.6,144.0
2025-06-29,AD002,MBA Admission,Facebook,21–35 Age,54787,2701,414,256,108,23226.4,639599.7,Pan India,4.93,15.33,61.84,42.19,2653.76,56.1,215.06
2025-06-30,AD002,MBA Admission,Facebook,21–35 Age,81314,3799,757,427,191,47760.64,1085518.31,East India,4.67,19.93,56.41,44.73,2172.83,63.09,250.06
2025-07-01,AD002,MBA Admission,Facebook,21–35 Age,92036,5655,1370,718,314,63223.93,1366952.36,Pan India,6.14,24.23,52.41,43.73,2062.08,46.15,201.35
2025-07-02,AD002,MBA Admission,Facebook,21–35 Age,269403,18663,4144,2502,1360,150891.95,8181786.32,South India,6.93,22.2,60.38,54.36,5322.28,36.41,110.95
2025-07-03,AD002,MBA Admission,Facebook,21–35 Age,56759,4315,975,572,279,47812.04,1401844.34,Pan India,7.6,22.6,58.67,48.78,2831.99,49.04,171.37
2025-07-04,AD002,MBA Admission,Facebook,21–35 Age,294725,14169,3083,1956,783,267573.94,2450851.61,East India,4.81,21.76,63.44,40.03,815.95,86.79,341.73
2025-07-05,AD002,MBA Admission,Facebook,21–35 Age,284349,9408,1926,1228,734,145135.47,3166144.83,Pan India,3.31,20.47,63.76,59.77,2081.51,75.36,197.73
2025-07-06,AD002,MBA Admission,Facebook,21–35 Age,215773,11011,2592,1638,787,114990.31,3955862.49,East India,5.1,23.54,63.19,48.05,3340.17,44.36,146.11
2025-07-07,AD002,MBA Admission,Facebook,21–35 Age,265814,18135,3413,1802,979,178983.87,4945617.34,Pan India,6.82,18.82,52.8,54.33,2663.16,52.44,182.82
2025-07-08,AD002,MBA Admission,Facebook,21–35 Age,254425,11942,2510,1384,700,163582.32,5486851.24,North India,4.69,21.02,55.14,50.58,3254.18,65.17,233.69
2025-07-09,AD002,MBA Admission,Facebook,21–35 Age,259369,9336,2252,1107,588,154589.95,3499060.17,South India,3.6,24.12,49.16,53.12,2163.45,68.65,262.91
2025-07-10,AD002,MBA Admission,Facebook,21–35 Age,221044,13069,2745,1298,558,160690.05,3236187.64,North India,5.91,21.0,47.29,42.99,1913.93,58.54,287.97
2025-07-11,AD002,MBA Admission,Facebook,21–35 Age,94706,5747,890,494,278,65416.27,2144560.42,Pan India,6.07,15.49,55.51,56.28,3178.33,73.5,235.31
2025-07-12,AD002,MBA Admission,Facebook,21–35 Age,176503,10957,1846,985,397,145083.42,1468396.6,East India,6.21,16.85,53.36,40.3,912.11,78.59,365.45
2025-07-13,AD002,MBA Admission,Facebook,21–35 Age,237358,14516,2484,1272,548,133175.25,4227791.02,South India,6.12,17.11,51.21,43.08,3074.61,53.61,243.02
2025-07-14,AD002,MBA Admission,Facebook,21–35 Age,50848,3877,825,405,190,43221.5,1323600.99,West India,7.62,21.28,49.09,46.91,2962.37,52.39,227.48
2025-07-15,AD002,MBA Admission,Facebook,21–35 Age,96272,7109,1160,673,373,61170.4,1645196.91,Pan India,7.38,16.32,58.02,55.42,2589.53,52.73,164.0
2025-07-16,AD002,MBA Admission,Facebook,21–35 Age,163136,7760,1293,616,309,81536.18,1996807.57,South India,4.76,16.66,47.64,50.16,2348.98,63.06,263.87
2025-07-17,AD002,MBA Admission,Facebook,21–35 Age,224881,13220,2919,1678,726,209811.4,4054985.75,South India,5.88,22.08,57.49,43.27,1832.68,71.88,289.0
2025-07-18,AD002,MBA Admission,Facebook,21–35 Age,107896,6609,1436,892,459,104215.29,2367563.22,East India,6.13,21.73,62.12,51.46,2171.8,72.57,227.05
2025-07-19,AD002,MBA Admission,Facebook,21–35 Age,100529,3042,580,326,173,52428.0,1269806.24,East India,3.03,19.07,56.21,53.07,2322.0,90.39,303.05
2025-07-20,AD002,MBA Admission,Facebook,21–35 Age,59847,4601,734,338,157,24579.52,524652.69,North India,7.69,15.95,46.05,46.45,2034.51,33.49,156.56
2025-07-21,AD002,MBA Admission,Facebook,21–35 Age,183044,9780,2113,1094,518,149648.03,2135225.13,East India,5.34,21.61,51.77,47.35,1326.83,70.82,288.9
2025-07-22,AD002,MBA Admission,Facebook,21–35 Age,295519,20154,3461,1995,1138,221471.19,8555769.92,North India,6.82,17.17,57.64,57.04,3763.15,63.99,194.61
2025-07-23,AD002,MBA Admission,Facebook,21–35 Age,102281,7277,1524,814,398,41674.82,2247547.73,North India,7.11,20.94,53.41,48.89,5293.06,27.35,104.71
2025-07-24,AD002,MBA Admission,Facebook,21–35 Age,69228,2248,378,231,127,47888.71,980730.14,North India,3.25,16.81,61.11,54.98,1947.94,126.69,377.08
2025-07-25,AD002,MBA Admission,Facebook,21–35 Age,195078,11378,2824,1362,720,101190.07,4473021.84,North India,5.83,24.82,48.23,52.86,4320.42,35.83,140.54
2025-07-26,AD002,MBA Admission,Facebook,21–35 Age,98148,6924,1556,839,415,82010.11,2689713.42,East India,7.05,22.47,53.92,49.46,3179.73,52.71,197.61
2025-07-27,AD002,MBA Admission,Facebook,21–35 Age,288669,16685,2685,1692,697,197363.38,2266273.4,West India,5.78,16.09,63.02,41.19,1048.27,73.51,283.16
2025-07-28,AD002,MBA Admission,Facebook,21–35 Age,228940,7307,1297,812,445,100965.24,1835902.46,South India,3.19,17.75,62.61,54.8,1718.35,77.85,226.89
2025-07-29,AD002,MBA Admission,Facebook,21–35 Age,103373,6280,1324,665,319,91234.94,1337659.86,Pan India,6.08,21.08,50.23,47.97,1366.17,68.91,286.0
2025-07-30,AD002,MBA Admission,Facebook,21–35 Age,183663,7335,1401,843,357,159534.43,2405412.18,Pan India,3.99,19.1,60.17,42.35,1407.77,113.87,446.88
2025-07-31,AD002,MBA Admission,Facebook,21–35 Age,125289,5916,1354,610,295,81381.38,2009705.99,North India,4.72,22.89,45.05,48.36,2369.49,60.1,275.87
2025-08-01,AD002,MBA Admission,Facebook,21–35 Age,82289,2865,627,344,153,72603.02,791070.5,Pan India,3.48,21.88,54.86,44.48,989.58,115.79,474.53
2025-08-02,AD002,MBA Admission,Facebook,21–35 Age,122204,4702,1151,571,334,64654.83,1107200.51,South India,3.85,24.48,49.61,58.49,1612.48,56.17,193.58
2025-08-03,AD002,MBA Admission,Facebook,21–35 Age,282568,20991,3160,1720,1027,254928.95,4693041.45,North India,7.43,15.05,54.43,59.71,1740.92,80.67,248.23
2025-08-04,AD002,MBA Admission,Facebook,21–35 Age,276741,8329,2013,1048,550,241422.3,3218248.07,West India,3.01,24.17,52.06,52.48,1233.04,119.93,438.95
2025-08-05,AD002,MBA Admission,Facebook,21–35 Age,276190,8837,1345,850,400,258734.91,1603909.43,West India,3.2,15.22,63.2,47.06,519.9,192.37,646.84
2025-08-06,AD002,MBA Admission,Facebook,21–35 Age,157823,7462,1653,1051,551,152142.2,2267468.26,West India,4.73,22.15,63.58,52.43,1390.36,92.04,276.12
2025-08-07,AD002,MBA Admission,Facebook,21–35 Age,168164,12919,3045,1753,778,141390.11,3060297.73,West India,7.68,23.57,57.57,44.38,2064.44,46.43,181.74
2025-08-08,AD002,MBA Admission,Facebook,21–35 Age,196818,10477,1940,1106,531,148549.07,4182575.02,South India,5.32,18.52,57.01,48.01,2715.62,76.57,279.75
2025-08-09,AD002,MBA Admission,Facebook,21–35 Age,87549,4272,877,466,259,55978.68,1264912.83,North India,4.88,20.53,53.14,55.58,2159.63,63.83,216.13
2025-08-10,AD002,MBA Admission,Facebook,21–35 Age,209975,7033,1633,987,489,104015.44,3787589.47,West India,3.35,23.22,60.44,49.54,3541.37,63.7,212.71
2025-08-11,AD002,MBA Admission,Facebook,21–35 Age,248579,16137,3772,2122,1032,155529.26,3706021.15,North India,6.49,23.37,56.26,48.63,2282.84,41.23,150.71
2025-08-12,AD002,MBA Admission,Facebook,21–35 Age,105929,6513,1176,544,290,45471.22,1842642.34,North India,6.15,18.06,46.26,53.31,3952.33,38.67,156.8
2025-08-13,AD002,MBA Admission,Facebook,21–35 Age,285906,22490,5143,2920,1595,142184.53,5142498.68,North India,7.87,22.87,56.78,54.62,3516.78,27.65,89.14
2025-08-14,AD002,MBA Admission,Facebook,21–35 Age,114829,6699,1279,675,334,87179.3,2116901.47,West India,5.83,19.09,52.78,49.48,2328.22,68.16,261.02
2025-08-15,AD002,MBA Admission,Facebook,21–35 Age,139439,8820,2115,1244,610,68482.23,2965372.21,East India,6.33,23.98,58.82,49.04,4230.13,32.38,112.27
2025-08-16,AD002,MBA Admission,Facebook,21–35 Age,156143,12051,2488,1574,776,67878.95,6203499.93,North India,7.72,20.65,63.26,49.3,9039.06,27.28,87.47
2025-08-17,AD002,MBA Admission,Facebook,21–35 Age,240812,8480,1398,794,351,97560.76,2504594.84,East India,3.52,16.49,56.8,44.21,2467.22,69.79,277.95
2025-08-18,AD002,MBA Admission,Facebook,21–35 Age,138243,8910,1845,909,537,101458.77,3422258.08,South India,6.45,20.71,49.27,59.08,3273.05,54.99,188.94
2025-08-19,AD002,MBA Admission,Facebook,21–35 Age,218087,9347,2279,1102,475,204860.79,2934887.01,East India,4.29,24.38,48.35,43.1,1332.63,89.89,431.29
2025-08-20,AD002,MBA Admission,Facebook,21–35 Age,120567,7874,1738,882,513,85980.89,2514070.68,East India,6.53,22.07,50.75,58.16,2823.99,49.47,167.6
2025-08-21,AD002,MBA Admission,Facebook,21–35 Age,60672,4419,871,435,245,51458.58,887743.91,North India,7.28,19.71,49.94,56.32,1625.16,59.08,210.04
2025-08-22,AD002,MBA Admission,Facebook,21–35 Age,100402,5050,816,428,214,59444.37,833256.71,South India,5.03,16.16,52.45,50.0,1301.74,72.85,277.78
2025-08-23,AD002,MBA Admission,Facebook,21–35 Age,182510,10026,2101,1067,537,125713.35,3892044.05,East India,5.49,20.96,50.79,50.33,2995.97,59.84,234.1
2025-08-24,AD002,MBA Admission,Facebook,21–35 Age,91784,5762,1342,834,453,53692.75,2444731.5,East India,6.28,23.29,62.15,54.32,4453.19,40.01,118.53
2025-08-25,AD002,MBA Admission,Facebook,21–35 Age,277958,10817,2519,1222,546,258352.11,3167583.01,West India,3.89,23.29,48.51,44.68,1126.07,102.56,473.17
2025-08-26,AD002,MBA Admission,Facebook,21–35 Age,192183,10955,1911,982,531,99989.22,2721879.68,South India,5.7,17.44,51.39,54.07,2622.17,52.32,188.3
2025-08-27,AD002,MBA Admission,Facebook,21–35 Age,263391,15760,2389,1303,686,138918.72,3426291.48,West India,5.98,15.16,54.54,52.65,2366.4,58.15,202.51
2025-08-28,AD002,MBA Admission,Facebook,21–35 Age,272021,16255,3053,1496,719,201326.36,2668478.92,Pan India,5.98,18.78,49.0,48.06,1225.45,65.94,280.01
2025-08-29,AD002,MBA Admission,Facebook,21–35 Age,156442,5047,1081,616,364,81569.7,1780402.59,North India,3.23,21.42,56.98,59.09,2082.68,75.46,224.09
2025-08-30,AD002,MBA Admission,Facebook,21–35 Age,247071,14991,3641,1717,746,196671.42,5676011.44,North India,6.07,24.29,47.16,43.45,2786.04,54.02,263.63
2025-08-31,AD002,MBA Admission,Facebook,21–35 Age,250143,13827,2421,1432,812,246806.14,4206184.57,East India,5.53,17.51,59.15,56.7,1604.25,101.94,303.95
2025-09-01,AD002,MBA Admission,Facebook,21–35 Age,107058,3243,768,451,183,93964.07,1201913.08,South India,3.03,23.68,58.72,40.58,1179.12,122.35,513.46
2025-09-02,AD002,MBA Admission,Facebook,21–35 Age,70747,4626,1107,534,275,61069.08,943623.62,South India,6.54,23.93,48.24,51.5,1445.17,55.17,222.07
2025-09-03,AD002,MBA Admission,Facebook,21–35 Age,239227,14680,3320,1838,874,144170.21,6122970.76,Pan India,6.14,22.62,55.36,47.55,4147.04,43.42,164.95
2025-09-04,AD002,MBA Admission,Facebook,21–35 Age,205200,14587,2970,1688,853,110816.95,5569954.66,East India,7.11,20.36,56.84,50.53,4926.27,37.31,129.91
2025-09-05,AD002,MBA Admission,Facebook,21–35 Age,281976,15138,3583,1682,882,184334.8,5829281.55,South India,5.37,23.67,46.94,52.44,3062.33,51.45,209.0
2025-09-06,AD002,MBA Admission,Facebook,21–35 Age,137599,10631,2329,1429,624,116671.7,1995280.37,Pan India,7.73,21.91,61.36,43.67,1610.17,50.1,186.97
2025-09-07,AD002,MBA Admission,Facebook,21–35 Age,197813,9162,1467,664,331,126646.91,2242704.03,North India,4.63,16.01,45.26,49.85,1670.83,86.33,382.62
2025-09-08,AD002,MBA Admission,Facebook,21–35 Age,183517,8806,1894,1152,607,156011.44,3701255.37,West India,4.8,21.51,60.82,52.69,2272.43,82.37,257.02
2025-09-09,AD002,MBA Admission,Facebook,21–35 Age,92749,6844,1354,704,396,68351.57,1710346.58,East India,7.38,19.78,51.99,56.25,2402.28,50.48,172.6
2025-09-10,AD002,MBA Admission,Facebook,21–35 Age,242936,9558,1983,1172,687,221405.22,3264776.12,South India,3.93,20.75,59.1,58.62,1374.57,111.65,322.28
2025-09-11,AD002,MBA Admission,Facebook,21–35 Age,99617,3517,638,340,165,43282.33,505160.33,East India,3.53,18.14,53.29,48.53,1067.13,67.84,262.32
2025-09-12,AD002,MBA Admission,Facebook,21–35 Age,76637,3191,733,446,203,74481.25,656000.98,Pan India,4.16,22.97,60.85,45.52,780.76,101.61,366.9
2025-09-13,AD002,MBA Admission,Facebook,21–35 Age,166151,7773,1561,853,511,164748.2,4031732.04,East India,4.68,20.08,54.64,59.91,2347.21,105.54,322.4
2025-09-14,AD002,MBA Admission,Facebook,21–35 Age,107335,5840,883,548,311,91579.99,1951223.87,West India,5.44,15.12,62.06,56.75,2030.62,103.71,294.47
2025-09-15,AD002,MBA Admission,Facebook,21–35 Age,132078,9148,2250,1070,580,89794.27,2201670.15,South India,6.93,24.6,47.56,54.21,2351.9,39.91,154.82
2025-09-16,AD002,MBA Admission,Facebook,21–35 Age,101493,6771,1085,554,279,77121.89,992341.27,West India,6.67,16.02,51.06,50.36,1186.72,71.08,276.42
2025-09-17,AD002,MBA Admission,Facebook,21–35 Age,111983,6950,1441,658,268,90692.09,1466996.16,North India,6.21,20.73,45.66,40.73,1517.56,62.94,338.4
2025-09-18,AD002,MBA Admission,Facebook,21–35 Age,215192,7975,1358,818,362,93531.85,2116994.93,North India,3.71,17.03,60.24,44.25,2163.39,68.87,258.38
2025-09-19,AD002,MBA Admission,Facebook,21–35 Age,261009,19792,4855,2851,1191,193741.4,8258758.73,Pan India,7.58,24.53,58.72,41.77,4162.77,39.91,162.67
2025-09-20,AD002,MBA Admission,Facebook,21–35 Age,197776,11695,1855,1099,619,120118.79,3111027.07,Pan India,5.91,15.86,59.25,56.32,2489.96,64.75,194.05
2025-09-21,AD002,MBA Admission,Facebook,21–35 Age,272006,16516,2535,1364,637,121243.02,4131056.57,Pan India,6.07,15.35,53.81,46.7,3307.25,47.83,190.33
2025-09-22,AD002,MBA Admission,Facebook,21–35 Age,130283,4990,834,405,218,106682.68,987967.58,Pan India,3.83,16.71,48.56,53.83,826.08,127.92,489.37
2025-09-23,AD002,MBA Admission,Facebook,21–35 Age,135555,6016,1132,528,291,61223.53,2126629.76,North India,4.44,18.82,46.64,55.11,3373.55,54.08,210.39
2025-09-24,AD002,MBA Admission,Facebook,21–35 Age,170800,9993,1997,1153,565,123954.87,3933314.72,North India,5.85,19.98,57.74,49.0,3073.18,62.07,219.39
2025-09-25,AD002,MBA Admission,Facebook,21–35 Age,216281,12275,2743,1436,761,153644.3,4620519.83,Pan India,5.68,22.35,52.35,52.99,2907.28,56.01,201.9
2025-09-26,AD002,MBA Admission,Facebook,21–35 Age,288814,15144,3229,1667,717,184629.3,5541722.66,East India,5.24,21.32,51.63,43.01,2901.54,57.18,257.5
2025-09-27,AD002,MBA Admission,Facebook,21–35 Age,63287,2103,392,234,105,40525.23,774682.1,West India,3.32,18.64,59.69,44.87,1811.6,103.38,385.95
2025-09-28,AD002,MBA Admission,Facebook,21–35 Age,84362,5530,851,502,294,70942.7,1046903.01,South India,6.56,15.39,58.99,58.57,1375.7,83.36,241.3
2025-09-29,AD002,MBA Admission,Facebook,21–35 Age,183268,7046,1579,810,481,179224.85,2698270.88,East India,3.84,22.41,51.3,59.38,1405.52,113.51,372.61
2025-09-30,AD002,MBA Admission,Facebook,21–35 Age,262678,8632,1659,1014,452,114033.33,3043417.73,South India,3.29,19.22,61.12,44.58,2568.88,68.74,252.29
2025-10-01,AD002,MBA Admission,Facebook,21–35 Age,96963,4818,1033,523,239,77182.98,921080.74,West India,4.97,21.44,50.63,45.7,1093.37,74.72,322.94
2025-10-02,AD002,MBA Admission,Facebook,21–35 Age,238932,17897,3400,1696,835,154238.89,3986006.43,South India,7.49,19.0,49.88,49.23,2484.31,45.36,184.72
2025-10-03,AD002,MBA Admission,Facebook,21–35 Age,86613,4270,804,520,293,81879.25,2002746.27,South India,4.93,18.83,64.68,56.35,2345.98,101.84,279.45
2025-10-04,AD002,MBA Admission,Facebook,21–35 Age,133105,6571,1269,758,414,125866.36,2149460.89,East India,4.94,19.31,59.73,54.62,1607.73,99.19,304.03
2025-10-05,AD002,MBA Admission,Facebook,21–35 Age,277734,16825,4065,1971,1056,248427.75,5043350.97,North India,6.06,24.16,48.49,53.58,1930.11,61.11,235.25
2025-10-06,AD002,MBA Admission,Facebook,21–35 Age,116985,8242,1752,845,384,92101.9,2994088.87,West India,7.05,21.26,48.23,45.44,3150.84,52.57,239.85
2025-10-07,AD002,MBA Admission,Facebook,21–35 Age,229002,17513,3683,2365,1189,161077.87,9344118.66,East India,7.65,21.03,64.21,50.27,5700.99,43.74,135.47
2025-10-08,AD002,MBA Admission,Facebook,21–35 Age,190424,10827,2153,1389,633,105225.0,3490888.31,Pan India,5.69,19.89,64.51,45.57,3217.55,48.87,166.23
2025-10-09,AD002,MBA Admission,Facebook,21–35 Age,110972,4268,982,454,200,97229.71,1191628.0,East India,3.85,23.01,46.23,44.05,1125.58,99.01,486.15
2025-10-10,AD002,MBA Admission,Facebook,21–35 Age,90691,6497,1168,594,242,54234.25,815080.48,Pan India,7.16,17.98,50.86,40.74,1402.89,46.43,224.11
2025-10-11,AD002,MBA Admission,Facebook,21–35 Age,58157,3232,534,257,110,53956.0,475326.81,East India,5.56,16.52,48.13,42.8,780.95,101.04,490.51
2025-10-12,AD002,MBA Admission,Facebook,21–35 Age,135976,10257,1702,1092,457,95285.12,1968745.07,Pan India,7.54,16.59,64.16,41.85,1966.16,55.98,208.5
2025-10-13,AD002,MBA Admission,Facebook,21–35 Age,75257,2399,411,199,112,34218.43,450838.11,East India,3.19,17.13,48.42,56.28,1217.53,83.26,305.52
2025-10-14,AD002,MBA Admission,Facebook,21–35 Age,198364,13118,1984,1175,480,91490.04,2452250.17,West India,6.61,15.12,59.22,40.85,2580.35,46.11,190.6
2025-10-15,AD002,MBA Admission,Facebook,21–35 Age,295919,17609,3372,1885,798,153865.02,5620586.36,West India,5.95,19.15,55.9,42.33,3552.93,45.63,192.81
2025-10-16,AD002,MBA Admission,Facebook,21–35 Age,219192,9561,2253,1253,681,111858.16,2520660.98,East India,4.36,23.56,55.61,54.35,2153.44,49.65,164.26
2025-10-17,AD002,MBA Admission,Facebook,21–35 Age,274932,19134,4243,2579,1097,235450.39,5481451.67,North India,6.96,22.18,60.78,42.54,2228.07,55.49,214.63
2025-10-18,AD002,MBA Admission,Facebook,21–35 Age,73891,5322,940,560,325,30551.39,1890046.69,East India,7.2,17.66,59.57,58.04,6086.45,32.5,94.0
2025-10-19,AD002,MBA Admission,Facebook,21–35 Age,78968,2541,471,249,121,54841.39,399316.55,North India,3.22,18.54,52.87,48.59,628.13,116.44,453.23
2025-10-20,AD002,MBA Admission,Facebook,21–35 Age,260789,14483,2729,1300,685,217576.56,2824586.55,West India,5.55,18.84,47.64,52.69,1198.2,79.73,317.63
2025-10-21,AD002,MBA Admission,Facebook,21–35 Age,134380,6252,1300,685,354,132525.26,2665107.49,South India,4.65,20.79,52.69,51.68,1911.02,101.94,374.37
2025-10-22,AD002,MBA Admission,Facebook,21–35 Age,287916,10349,1738,838,398,115613.02,1867784.24,Pan India,3.59,16.79,48.22,47.49,1515.55,66.52,290.48
2025-10-23,AD002,MBA Admission,Facebook,21–35 Age,216575,12444,2477,1587,674,147196.81,4576963.63,East India,5.75,19.91,64.07,42.47,3009.42,59.43,218.39
2025-10-24,AD002,MBA Admission,Facebook,21–35 Age,71172,4222,908,490,236,46274.85,1760206.67,North India,5.93,21.51,53.96,48.16,3703.81,50.96,196.08
2025-10-25,AD002,MBA Admission,Facebook,21–35 Age,198682,8609,1832,1094,574,80603.11,1777848.23,South India,4.33,21.28,59.72,52.47,2105.68,44.0,140.42
2025-10-26,AD002,MBA Admission,Facebook,21–35 Age,87021,6502,1617,998,494,46482.66,2244803.69,Pan India,7.47,24.87,61.72,49.5,4729.34,28.75,94.09
2025-10-27,AD002,MBA Admission,Facebook,21–35 Age,277676,18342,3757,2032,1017,242232.32,5399981.27,South India,6.61,20.48,54.09,50.05,2129.26,64.47,238.18
2025-10-28,AD002,MBA Admission,Facebook,21–35 Age,132019,9429,2004,1029,542,129503.53,3403497.0,West India,7.14,21.25,51.35,52.67,2528.11,64.62,238.94
2025-10-29,AD002,MBA Admission,Facebook,21–35 Age,89527,5616,865,507,215,79011.86,1224216.24,West India,6.27,15.4,58.61,42.41,1449.41,91.34,367.5
2025-10-30,AD002,MBA Admission,Facebook,21–35 Age,232419,17670,3031,1638,975,200506.15,7007981.3,East India,7.6,17.15,54.04,59.52,3395.15,66.15,205.65
2025-10-31,AD002,MBA Admission,Facebook,21–35 Age,267804,19472,4863,2431,1100,251059.32,6675311.68,Pan India,7.27,24.97,49.99,45.25,2558.86,51.63,228.24
